county_prec,pct_obama,pct_romney,obama,romney
001_001,0.4273255813953488,0.5319767441860465,294.0,366.0
001_002,0.5104895104895105,0.4595404595404595,511.0,460.0
001_003,0.4759493670886076,0.4708860759493671,376.0,372.0
001_004,0.4823321554770318,0.4752650176678445,273.0,269.0
001_005,0.5483271375464684,0.4070631970260223,295.0,219.0
001_006,0.5101253616200578,0.43490838958534234,529.0,451.0
001_007,0.5887404580152672,0.36259541984732824,617.0,380.0
001_008,0.5121212121212121,0.42727272727272725,169.0,141.0
001_009,0.554,0.4,277.0,200.0
001_010,0.5503246753246753,0.4042207792207792,339.0,249.0
001_011,0.6469864698646987,0.30996309963099633,526.0,252.0
001_012,0.6519886363636364,0.30113636363636365,459.0,212.0
001_013,0.565625,0.38125,362.0,244.0
001_014,0.6013513513513513,0.34797297297297297,356.0,206.0
001_015,0.568685376661743,0.3988183161004431,385.0,270.0
001_016,0.62,0.31333333333333335,279.0,141.0
001_017,0.5822942643391521,0.35785536159601,467.0,287.0
001_018,0.624484181568088,0.32599724896836313,454.0,237.0
001_019,0.4457455113192818,0.5035128805620609,571.0,645.0
001_020,0.5429447852760736,0.4130879345603272,531.0,404.0
001_021,0.517709118311982,0.43556895252449135,687.0,578.0
001_022,0.5121621621621621,0.4445945945945946,379.0,329.0
001_023,0.5568927789934355,0.39606126914660833,509.0,362.0
001_024,0.5325670498084292,0.41226053639846744,695.0,538.0
001_025,0.5042174320524836,0.4592314901593252,538.0,490.0
001_026,0.6130705394190872,0.3360995850622407,591.0,324.0
001_027,0.6566666666666666,0.31,394.0,186.0
001_028,0.6932773109243697,0.25210084033613445,330.0,120.0
001_029,0.6357723577235772,0.3203252032520325,391.0,197.0
001_030,0.5128205128205128,0.4444444444444444,720.0,624.0
001_031,0.8168421052631579,0.15789473684210525,388.0,75.0
001_032,0.6967741935483871,0.2645161290322581,432.0,164.0
001_033,0.8044914134742405,0.17040951122853368,609.0,129.0
001_034,0.7235772357723578,0.23848238482384823,267.0,88.0
001_035,0.6884816753926701,0.2643979057591623,263.0,101.0
001_036,0.7656565656565657,0.19393939393939394,379.0,96.0
001_037,0.6452879581151832,0.32329842931937175,493.0,247.0
001_038,0.7117852975495916,0.24387397899649943,610.0,209.0
001_039,0.6516709511568124,0.29562982005141386,507.0,230.0
001_040,0.7168141592920354,0.2407079646017699,405.0,136.0
001_041,0.6832460732984293,0.28664921465968585,522.0,219.0
001_042,0.6871035940803383,0.2769556025369979,325.0,131.0
001_043,0.7046263345195729,0.2508896797153025,396.0,141.0
001_044,0.698870765370138,0.24592220828105396,557.0,196.0
001_045,0.7562642369020501,0.18906605922551253,332.0,83.0
001_046,0.7402402402402403,0.22522522522522523,493.0,150.0
001_047,0.7207207207207207,0.24324324324324326,160.0,54.0
001_048,0.7703349282296651,0.19617224880382775,483.0,123.0
001_049,0.7442528735632183,0.20545977011494254,518.0,143.0
001_050,0.7106299212598425,0.25688976377952755,722.0,261.0
001_051,0.7830374753451677,0.1755424063116371,397.0,89.0
001_052,0.6679841897233202,0.2845849802371542,845.0,360.0
001_053,0.6873385012919897,0.28940568475452194,266.0,112.0
001_054,0.6246851385390428,0.32997481108312343,496.0,262.0
001_055,0.7040816326530612,0.24927113702623907,483.0,171.0
001_056,0.6312292358803987,0.31727574750830567,380.0,191.0
001_057,0.5227655986509275,0.42833052276559863,310.0,254.0
001_058,0.60431654676259,0.35251798561151076,84.0,49.0
001_059,0.6913716814159292,0.2588495575221239,625.0,234.0
001_060,0.6700636942675159,0.2700636942675159,526.0,212.0
001_061,0.7588652482269503,0.1938534278959811,321.0,82.0
001_062,0.7873015873015873,0.1873015873015873,248.0,59.0
001_063,0.8140350877192982,0.13333333333333333,232.0,38.0
001_064,0.7945205479452054,0.1415525114155251,174.0,31.0
001_065,0.7514450867052023,0.21579961464354527,390.0,112.0
001_066,0.6927710843373494,0.25502008032128515,345.0,127.0
001_067,0.8137254901960784,0.14052287581699346,498.0,86.0
001_068,0.4567307692307692,0.48173076923076924,475.0,501.0
001_069,0.4635343618513324,0.5028050490883591,661.0,717.0
001_070,0.5512367491166078,0.39840989399293286,624.0,451.0
001_071,0.7365930599369085,0.22082018927444794,467.0,140.0
001_072,0.7740963855421686,0.18072289156626506,257.0,60.0
001_073,0.6239103362391034,0.33623910336239105,501.0,270.0
001_074,0.6695278969957081,0.26609442060085836,312.0,124.0
001_075,0.708904109589041,0.25,207.0,73.0
001_076,0.6148796498905909,0.33916849015317285,281.0,155.0
001_077,0.6236323851203501,0.31947483588621445,285.0,146.0
001_078,0.5438066465256798,0.40886203423967776,540.0,406.0
001_079,0.45022288261515603,0.5148588410104011,606.0,693.0
001_080,0.49499615088529636,0.4503464203233256,643.0,585.0
001_081,0.49835796387520526,0.45320197044334976,607.0,552.0
001_082,0.4577822990844354,0.491353001017294,450.0,483.0
001_083,0.5018181818181818,0.4516363636363636,690.0,621.0
001_084,0.5019120458891013,0.4588910133843212,525.0,480.0
001_085,0.42892156862745096,0.5343137254901961,700.0,872.0
001_086,0.5797373358348968,0.36397748592870544,309.0,194.0
001_087,0.511049723756906,0.45027624309392267,370.0,326.0
001_088,0.6481069042316259,0.3207126948775056,291.0,144.0
001_089,0.4684466019417476,0.470873786407767,193.0,194.0
001_090,0.7036048064085447,0.2656875834445928,527.0,199.0
001_091,0.5803108808290155,0.37305699481865284,448.0,288.0
001_092,0.5468998410174881,0.4117647058823529,344.0,259.0
001_093,0.7920277296360485,0.17850953206239167,457.0,103.0
001_094,0.7647058823529411,0.19786096256684493,143.0,37.0
001_095,0.8629629629629629,0.0962962962962963,233.0,26.0
001_096,0.5667870036101083,0.37184115523465705,314.0,206.0
001_097,0.5573394495412844,0.3738532110091743,486.0,326.0
001_098,0.7286184210526315,0.22203947368421054,443.0,135.0
001_099,0.5938375350140056,0.3627450980392157,424.0,259.0
001_101,0.7679245283018868,0.13962264150943396,407.0,74.0
001_102,0.7845659163987139,0.1189710610932476,244.0,37.0
001_103,0.7576219512195121,0.21036585365853658,497.0,138.0
001_104,0.8712121212121212,0.12121212121212122,115.0,16.0
001_105,0.8975609756097561,0.07804878048780488,184.0,16.0
001_106,0.8464351005484461,0.12614259597806216,463.0,69.0
001_107,0.7356076759061834,0.16844349680170576,345.0,79.0
001_108,0.41292134831460675,0.5730337078651685,147.0,204.0
001_109,0.631578947368421,0.3157894736842105,24.0,12.0
001_110,0.525,0.4296875,336.0,275.0
001_111,0.560856864654333,0.3875365141187926,576.0,398.0
001_112,0.48636763412489004,0.4547053649956025,553.0,517.0
001_113,0.4918518518518519,0.46074074074074073,332.0,311.0
001_114,0.4234016887816647,0.5307599517490953,702.0,880.0
001_115,0.4532563025210084,0.49789915966386555,863.0,948.0
001_116,0.4565972222222222,0.5138888888888888,263.0,296.0
001_117,0.4132618888144675,0.5324849296718017,617.0,795.0
001_118,0.4332313965341488,0.5300713557594292,425.0,520.0
001_119,0.6144223693892568,0.33995584988962474,835.0,462.0
001_120,0.5834845735027223,0.3666061705989111,643.0,404.0
001_121,0.672106824925816,0.28338278931750743,453.0,191.0
001_122,0.760655737704918,0.16065573770491803,232.0,49.0
001_123,0.7949709864603481,0.14119922630560927,411.0,73.0
001_124,0.7728937728937729,0.16117216117216118,211.0,44.0
001_125,0.7764976958525346,0.16359447004608296,337.0,71.0
001_127,0.459915611814346,0.4964838255977497,327.0,353.0
001_128,0.463855421686747,0.47740963855421686,308.0,317.0
001_129,0.5021739130434782,0.4543478260869565,231.0,209.0
001_131,0.75,0.1814516129032258,186.0,45.0
001_132,0.8120805369127517,0.14093959731543623,242.0,42.0
001_133,0.8364197530864198,0.1111111111111111,271.0,36.0
001_134,0.5769230769230769,0.39354395604395603,840.0,573.0
001_135,0.8225419664268585,0.1366906474820144,343.0,57.0
001_136,0.6532258064516129,0.3131720430107527,486.0,233.0
001_137,0.6742857142857143,0.2895238095238095,354.0,152.0
001_138,0.7040998217468806,0.24598930481283424,395.0,138.0
001_139,0.7272727272727273,0.22459893048128343,272.0,84.0
001_140,0.7142857142857143,0.24036281179138322,315.0,106.0
001_141,0.6735395189003437,0.30584192439862545,196.0,89.0
001_142,0.6563706563706564,0.3063063063063063,510.0,238.0
001_143,0.7069486404833837,0.26586102719033233,234.0,88.0
001_144,0.6571969696969697,0.29924242424242425,347.0,158.0
001_150,0.6295454545454545,0.31931818181818183,554.0,281.0
001_151,0.7597402597402597,0.18181818181818182,468.0,112.0
001_152,0.7265625,0.234375,372.0,120.0
001_153,0.7018867924528301,0.2490566037735849,372.0,132.0
001_154,0.7479591836734694,0.2173469387755102,733.0,213.0
001_161,0.7722222222222223,0.18333333333333332,278.0,66.0
001_162,0.7468123861566485,0.1930783242258652,410.0,106.0
001_163,0.8025078369905956,0.14106583072100312,256.0,45.0
001_164,0.7745664739884393,0.17052023121387283,268.0,59.0
001_165,0.7877237851662404,0.1432225063938619,308.0,56.0
001_166,0.8317757009345794,0.11214953271028037,267.0,36.0
001_170,0.5333333333333333,0.4111111111111111,432.0,333.0
001_171,0.5212660731948566,0.42828882294757664,527.0,433.0
001_180,0.6075949367088608,0.3575949367088608,192.0,113.0
001_181,0.7328687572590011,0.2218350754936121,631.0,191.0
001_182,0.72544080604534,0.24181360201511334,288.0,96.0
001_183,0.6679151061173533,0.27091136079900124,535.0,217.0
001_184,0.7008928571428571,0.26339285714285715,314.0,118.0
001_185,0.6544622425629291,0.30892448512585813,572.0,270.0
001_186,0.7152496626180836,0.24021592442645073,530.0,178.0
001_187,0.7582236842105263,0.19572368421052633,461.0,119.0
001_191,0.6636904761904762,0.28869047619047616,223.0,97.0
001_192,0.7218543046357616,0.2229580573951435,327.0,101.0
001_193,0.665083135391924,0.2850356294536817,280.0,120.0
001_194,0.6532438478747203,0.29082774049217003,292.0,130.0
001_195,0.7760736196319018,0.18098159509202455,253.0,59.0
001_196,0.752411575562701,0.21221864951768488,234.0,66.0
001_197,0.7254901960784313,0.22303921568627452,296.0,91.0
001_211,0.7876106194690266,0.1504424778761062,178.0,34.0
001_212,0.8199513381995134,0.12895377128953772,337.0,53.0
001_214,0.7511961722488039,0.15550239234449761,314.0,65.0
001_215,0.7272727272727273,0.1925133689839572,272.0,72.0
001_216,0.6868008948545862,0.2639821029082774,307.0,118.0
001_217,0.6428571428571429,0.336734693877551,63.0,33.0
001_221,0.7598566308243727,0.1774193548387097,424.0,99.0
001_223,0.7966666666666666,0.1,239.0,30.0
001_224,0.804,0.116,201.0,29.0
001_225,0.8387096774193549,0.08870967741935484,104.0,11.0
001_226,0.8235294117647058,0.10784313725490197,168.0,22.0
001_241,0.7493188010899182,0.15258855585831063,275.0,56.0
001_242,0.7904040404040404,0.10353535353535354,313.0,41.0
001_243,0.7928994082840237,0.08086785009861933,402.0,41.0
001_244,0.7529215358931552,0.15358931552587646,451.0,92.0
001_245,0.8314606741573034,0.12134831460674157,370.0,54.0
001_246,0.7647058823529411,0.16176470588235295,208.0,44.0
001_251,0.7625698324022346,0.1787709497206704,273.0,64.0
001_252,0.7623318385650224,0.17713004484304934,340.0,79.0
001_253,0.7282780410742496,0.21642969984202212,461.0,137.0
001_254,0.7313915857605178,0.2022653721682848,452.0,125.0
001_255,0.7631160572337043,0.18600953895071543,480.0,117.0
001_256,0.7397849462365591,0.1935483870967742,344.0,90.0
001_257,NaN,NaN,0.0,0.0
001_258,0.3811074918566775,0.5830618892508144,117.0,179.0
001_271,0.7322834645669292,0.20275590551181102,372.0,103.0
001_272,0.7681159420289855,0.1570048309178744,318.0,65.0
001_273,0.7074721780604134,0.24324324324324326,445.0,153.0
001_274,0.7587131367292225,0.1742627345844504,283.0,65.0
001_275,0.7305699481865285,0.2266839378238342,564.0,175.0
001_278,0.5356200527704486,0.41952506596306066,203.0,159.0
001_281,0.7297297297297297,0.21081081081081082,270.0,78.0
001_282,0.7067137809187279,0.2420494699646643,400.0,137.0
001_283,0.7183673469387755,0.22448979591836735,176.0,55.0
001_284,0.5885057471264368,0.35172413793103446,256.0,153.0
001_285,0.6460176991150443,0.2920353982300885,219.0,99.0
001_286,0.7255172413793104,0.22206896551724137,526.0,161.0
001_287,0.655688622754491,0.2754491017964072,219.0,92.0
001_289,0.3796169630642955,0.5663474692202463,555.0,828.0
001_290,0.3595166163141994,0.595166163141994,119.0,197.0
001_291,0.5308151093439364,0.40357852882703776,267.0,203.0
001_292,0.48190279214064113,0.47466390899689764,466.0,459.0
001_293,0.6017699115044248,0.33480825958702065,408.0,227.0
001_294,0.30456026058631924,0.6579804560260586,187.0,404.0
001_295,0.394392523364486,0.5514018691588785,211.0,295.0
001_296,0.5552238805970149,0.4,186.0,134.0
001_297,0.5365517241379311,0.39448275862068966,389.0,286.0
001_298,0.5811373092926491,0.3647711511789182,419.0,263.0
001_299,0.48099606815203144,0.4705111402359109,367.0,359.0
001_300,0.5416666666666666,0.3880208333333333,208.0,149.0
001_301,0.44265232974910396,0.5,247.0,279.0
001_302,0.38792505204718947,0.5558639833448994,559.0,801.0
001_303,0.6051873198847262,0.345821325648415,210.0,120.0
001_304,0.46296296296296297,0.5069444444444444,200.0,219.0
001_305,0.6402116402116402,0.2945326278659612,363.0,167.0
001_306,0.4958904109589041,0.44931506849315067,181.0,164.0
001_307,0.44525547445255476,0.49635036496350365,244.0,272.0
001_308,0.3901869158878505,0.5514018691588785,167.0,236.0
001_311,0.7227272727272728,0.225,318.0,99.0
001_312,0.7489082969432315,0.1965065502183406,343.0,90.0
001_313,0.6825396825396826,0.25396825396825395,172.0,64.0
001_314,0.5364806866952789,0.4012875536480687,250.0,187.0
001_315,0.5531400966183575,0.4106280193236715,229.0,170.0
001_316,0.5465517241379311,0.39482758620689656,317.0,229.0
001_317,0.5826086956521739,0.34782608695652173,201.0,120.0
001_318,0.7645569620253164,0.18227848101265823,302.0,72.0
001_321,0.6798780487804879,0.2804878048780488,223.0,92.0
001_322,0.6475095785440613,0.2950191570881226,169.0,77.0
001_323,0.7004405286343612,0.2290748898678414,318.0,104.0
001_324,0.5076013513513513,0.4375,601.0,518.0
001_326,0.7096774193548387,0.21836228287841192,286.0,88.0
001_327,0.5957446808510638,0.34622823984526113,308.0,179.0
001_328,0.483,0.478,483.0,478.0
001_329,0.6072351421188631,0.32558139534883723,235.0,126.0
001_330,0.6816608996539792,0.28027681660899656,197.0,81.0
001_331,0.6222222222222222,0.31746031746031744,196.0,100.0
001_332,0.49909584086799275,0.4484629294755877,276.0,248.0
001_333,0.3624454148471616,0.5938864628820961,332.0,544.0
001_341,0.7422434367541766,0.20047732696897375,311.0,84.0
001_342,0.7785234899328859,0.12751677852348994,232.0,38.0
001_343,0.7627811860940695,0.17586912065439672,373.0,86.0
001_344,0.6682539682539682,0.26825396825396824,421.0,169.0
001_345,0.6782902137232846,0.25871766029246346,603.0,230.0
001_346,0.6609756097560976,0.25609756097560976,271.0,105.0
001_347,0.6108786610878661,0.3284518828451883,292.0,157.0
001_351,0.834319526627219,0.11538461538461539,282.0,39.0
001_352,0.7762863534675615,0.1789709172259508,347.0,80.0
001_353,0.8351254480286738,0.12186379928315412,233.0,34.0
001_354,0.7210884353741497,0.19954648526077098,318.0,88.0
001_355,0.8221709006928406,0.12240184757505773,356.0,53.0
001_356,0.8058252427184466,0.14805825242718446,332.0,61.0
001_357,0.7366412213740458,0.183206106870229,193.0,48.0
001_358,0.694488188976378,0.22677165354330708,441.0,144.0
001_371,0.637223974763407,0.3217665615141956,404.0,204.0
001_372,0.6262295081967213,0.2983606557377049,191.0,91.0
001_373,0.6242603550295858,0.3165680473372781,211.0,107.0
001_374,0.6972010178117048,0.2366412213740458,274.0,93.0
001_375,0.6575,0.29375,526.0,235.0
001_381,0.8015463917525774,0.14948453608247422,311.0,58.0
001_382,0.7392550143266475,0.22636103151862463,258.0,79.0
001_383,0.7951541850220264,0.14317180616740088,361.0,65.0
001_384,0.6985138004246284,0.24628450106157113,329.0,116.0
001_385,0.765661252900232,0.19721577726218098,330.0,85.0
001_386,0.7214076246334311,0.20527859237536658,246.0,70.0
001_387,0.7128463476070529,0.22670025188916876,283.0,90.0
001_400,0.5288135593220339,0.4033898305084746,156.0,119.0
001_401,0.5714285714285714,0.35064935064935066,264.0,162.0
001_402,0.524,0.436,262.0,218.0
001_403,0.6,0.3594936708860759,237.0,142.0
001_404,0.5305410122164049,0.4328097731239092,304.0,248.0
001_405,0.6355748373101953,0.2841648590021692,293.0,131.0
001_406,0.5795795795795796,0.37237237237237236,193.0,124.0
001_407,0.4874074074074074,0.4711111111111111,329.0,318.0
001_408,0.4240506329113924,0.5316455696202531,201.0,252.0
001_409,0.5709046454767727,0.3863080684596577,467.0,316.0
001_410,0.5063291139240507,0.4538878842676311,280.0,251.0
001_411,0.6023622047244095,0.33070866141732286,306.0,168.0
001_412,0.6530612244897959,0.28061224489795916,128.0,55.0
001_413,0.606973058637084,0.34548335974643424,383.0,218.0
001_414,0.5392857142857143,0.41785714285714287,151.0,117.0
001_415,0.5328467153284672,0.4124087591240876,146.0,113.0
001_416,0.6076294277929155,0.34332425068119893,223.0,126.0
001_417,0.6311475409836066,0.29508196721311475,308.0,144.0
001_418,0.5187713310580204,0.4061433447098976,152.0,119.0
001_419,0.47308132875143183,0.4948453608247423,413.0,432.0
001_420,0.5600490196078431,0.38480392156862747,457.0,314.0
001_421,0.47797716150081565,0.4535073409461664,293.0,278.0
001_422,0.4852835606604451,0.46733668341708545,676.0,651.0
001_423,0.37258687258687256,0.583011583011583,579.0,906.0
001_424,0.3859752504419564,0.576900412492634,655.0,979.0
001_425,0.3688663282571912,0.5913705583756346,436.0,699.0
001_426,0.40979955456570155,0.5478841870824054,368.0,492.0
001_427,0.41103533787972724,0.5505269683818971,663.0,888.0
001_428,0.4907563025210084,0.48067226890756304,292.0,286.0
001_429,0.40498442367601245,0.5607476635514018,390.0,540.0
001_430,0.3912337662337662,0.5568181818181818,241.0,343.0
001_431,0.5743707093821511,0.37757437070938216,251.0,165.0
001_432,0.6221498371335505,0.3306188925081433,382.0,203.0
001_433,0.599483204134367,0.32558139534883723,232.0,126.0
001_434,0.6378737541528239,0.2823920265780731,192.0,85.0
001_435,0.5547445255474452,0.38686131386861317,304.0,212.0
001_436,0.6495327102803738,0.3107476635514019,278.0,133.0
001_437,0.6445993031358885,0.2857142857142857,185.0,82.0
001_438,0.7101449275362319,0.24476650563607086,441.0,152.0
001_439,0.6260869565217392,0.30579710144927535,432.0,211.0
001_440,0.5633802816901409,0.39436619718309857,160.0,112.0
001_441,0.6388206388206388,0.2972972972972973,260.0,121.0
001_442,0.6470588235294118,0.2813299232736573,253.0,110.0
001_443,0.654178674351585,0.27953890489913547,227.0,97.0
001_444,0.6420454545454546,0.2840909090909091,226.0,100.0
001_445,0.5423280423280423,0.40476190476190477,205.0,153.0
001_446,0.5707317073170731,0.3926829268292683,234.0,161.0
001_447,0.29734411085450346,0.6610854503464203,515.0,1145.0
001_448,0.46146341463414636,0.4917073170731707,473.0,504.0
001_449,0.5620052770448549,0.37994722955145116,426.0,288.0
001_450,0.38207547169811323,0.5754716981132075,162.0,244.0
001_451,0.511166253101737,0.42431761786600497,206.0,171.0
001_452,0.5071090047393365,0.45260663507109006,214.0,191.0
001_453,0.5714285714285714,0.3798449612403101,516.0,343.0
001_454,0.42575558475689884,0.5308804204993429,324.0,404.0
001_455,0.5038799793067771,0.4474909467149509,974.0,865.0
001_456,0.43609022556390975,0.5177228786251342,406.0,482.0
001_461,0.5084269662921348,0.4353932584269663,181.0,155.0
001_462,0.5583596214511041,0.3501577287066246,177.0,111.0
001_463,0.44072164948453607,0.49226804123711343,171.0,191.0
001_464,0.5017064846416383,0.42662116040955633,147.0,125.0
001_465,0.553223388305847,0.38830584707646176,369.0,259.0
001_466,0.4867075664621677,0.46421267893660534,238.0,227.0
001_471,0.44038929440389296,0.5060827250608273,181.0,208.0
001_472,0.4624277456647399,0.48554913294797686,160.0,168.0
001_473,0.583547557840617,0.37017994858611825,227.0,144.0
001_474,0.4850498338870432,0.4584717607973422,146.0,138.0
001_475,0.5930232558139535,0.3391472868217054,306.0,175.0
001_476,0.43936731107205623,0.4956063268892794,250.0,282.0
001_477,0.6604095563139932,0.2901023890784983,387.0,170.0
001_478,0.6115702479338843,0.32727272727272727,370.0,198.0
001_480,0.4412191582002903,0.5181422351233672,304.0,357.0
001_481,0.6071428571428571,0.31785714285714284,170.0,89.0
001_482,0.35239567233384855,0.6197836166924265,228.0,401.0
001_483,0.4352791878172589,0.5126903553299492,343.0,404.0
001_484,0.5425742574257426,0.3940594059405941,274.0,199.0
001_485,0.48588410104011887,0.4710252600297177,327.0,317.0
001_486,0.4087193460490463,0.5095367847411444,300.0,374.0
001_487,0.4709784411276949,0.472636815920398,284.0,285.0
001_488,0.42255639097744363,0.5428571428571428,281.0,361.0
001_489,0.4323962516733601,0.5180722891566265,323.0,387.0
001_490,0.345,0.6066666666666667,207.0,364.0
001_491,0.5,0.4420289855072464,207.0,183.0
001_492,0.486646884272997,0.44510385756676557,164.0,150.0
001_493,0.43452380952380953,0.5059523809523809,219.0,255.0
001_494,0.4939467312348668,0.43825665859564167,204.0,181.0
001_495,0.4872611464968153,0.44745222929936307,306.0,281.0
001_496,0.39603960396039606,0.5495049504950495,160.0,222.0
001_497,0.4269005847953216,0.5146198830409356,219.0,264.0
001_498,0.5752212389380531,0.3775811209439528,390.0,256.0
001_499,0.49902152641878667,0.45792563600782776,255.0,234.0
001_500,0.4011299435028249,0.5536723163841808,284.0,392.0
001_502,0.5275974025974026,0.39935064935064934,325.0,246.0
001_503,0.5195530726256983,0.4022346368715084,186.0,144.0
001_504,0.5710144927536231,0.3391304347826087,197.0,117.0
001_505,0.5122549019607843,0.40441176470588236,209.0,165.0
001_506,0.5279805352798054,0.39902676399026765,217.0,164.0
001_507,0.4485294117647059,0.5024509803921569,183.0,205.0
001_508,0.49166666666666664,0.4305555555555556,177.0,155.0
001_509,0.5211267605633803,0.38028169014084506,148.0,108.0
001_510,0.48588410104011887,0.45319465081723626,327.0,305.0
001_511,0.38879159369527144,0.5604203152364273,222.0,320.0
001_512,0.43219076005961254,0.4843517138599106,290.0,325.0
001_513,0.4261294261294261,0.5262515262515263,349.0,431.0
001_514,0.47678018575851394,0.4674922600619195,308.0,302.0
001_515,0.39655172413793105,0.5474137931034483,184.0,254.0
001_516,0.48856799037304455,0.43922984356197353,406.0,365.0
001_517,0.3968565815324165,0.5402750491159135,202.0,275.0
001_518,0.40181268882175225,0.5362537764350453,266.0,355.0
001_519,0.4461538461538462,0.47384615384615386,145.0,154.0
001_520,0.4177215189873418,0.5362485615650172,363.0,466.0
001_521,0.43759630200308164,0.5115562403697997,284.0,332.0
001_522,0.4386536373507057,0.507057546145494,404.0,467.0
001_523,0.43570057581573896,0.4932821497120921,227.0,257.0
001_524,0.364741641337386,0.5501519756838906,120.0,181.0
001_525,0.49640287769784175,0.447841726618705,276.0,249.0
001_526,0.38282387190684136,0.5691411935953421,263.0,391.0
001_527,0.297029702970297,0.6435643564356436,90.0,195.0
001_528,0.37623762376237624,0.5841584158415841,114.0,177.0
001_529,0.4698133918770582,0.4818880351262349,428.0,439.0
001_530,0.46619718309859154,0.48169014084507045,331.0,342.0
001_531,0.6009280742459396,0.3480278422273782,259.0,150.0
001_532,0.5553191489361702,0.39148936170212767,261.0,184.0
001_533,0.5301507537688442,0.4120603015075377,211.0,164.0
001_534,0.49364791288566245,0.4337568058076225,272.0,239.0
001_535,0.5673076923076923,0.3798076923076923,236.0,158.0
001_536,0.4782608695652174,0.43478260869565216,154.0,140.0
001_537,0.47770700636942676,0.4942675159235669,375.0,388.0
001_538,0.48892171344165436,0.4564254062038405,331.0,309.0
001_539,0.46936542669584247,0.5,429.0,457.0
001_540,0.47928994082840237,0.4718934911242604,324.0,319.0
001_541,0.279874213836478,0.6767295597484276,445.0,1076.0
001_542,0.5653104925053534,0.38329764453961457,264.0,179.0
001_543,0.5828729281767956,0.36187845303867405,211.0,131.0
001_544,0.5141955835962145,0.4384858044164038,326.0,278.0
001_545,0.5245283018867924,0.41509433962264153,278.0,220.0
001_546,0.3807266982622433,0.5687203791469194,241.0,360.0
001_547,0.4893203883495146,0.429126213592233,252.0,221.0
001_548,0.42065491183879095,0.5214105793450882,334.0,414.0
001_549,0.4636363636363636,0.4772727272727273,306.0,315.0
001_550,0.5,0.4542124542124542,273.0,248.0
001_551,0.6208791208791209,0.33516483516483514,113.0,61.0
001_552,0.45925925925925926,0.47530864197530864,372.0,385.0
001_553,0.3483631871525633,0.5935762816553428,564.0,961.0
001_554,0.47702407002188185,0.45076586433260396,218.0,206.0
001_555,0.4582441113490364,0.4732334047109208,214.0,221.0
001_556,0.3861607142857143,0.546875,173.0,245.0
001_557,0.32937365010799136,0.6069114470842333,610.0,1124.0
001_558,0.43061516452074394,0.48354792560801146,301.0,338.0
001_559,0.4648148148148148,0.4537037037037037,502.0,490.0
001_560,0.3345227475468332,0.6208742194469223,375.0,696.0
001_561,0.45503355704697984,0.487248322147651,339.0,363.0
001_562,0.5368932038834952,0.43786407766990293,553.0,451.0
001_563,0.38055222088835533,0.575030012004802,317.0,479.0
001_564,0.3708133971291866,0.569377990430622,155.0,238.0
001_565,0.40892193308550184,0.5353159851301115,220.0,288.0
001_566,0.37874097007223945,0.5851393188854489,367.0,567.0
001_567,0.3431372549019608,0.6078431372549019,35.0,62.0
001_568,0.3247156153050672,0.6473629782833505,314.0,626.0
001_569,0.4284559417946645,0.5278900565885206,530.0,653.0
001_570,0.47257383966244726,0.4620253164556962,224.0,219.0
001_571,0.44967880085653106,0.4785867237687366,420.0,447.0
001_572,0.4035608308605341,0.543026706231454,136.0,183.0
001_573,0.39713971397139713,0.5588558855885588,361.0,508.0
001_601,0.39136690647482014,0.5568345323741007,272.0,387.0
001_602,0.3150033944331297,0.6544467073998642,464.0,964.0
001_603,0.41123499142367065,0.557032590051458,959.0,1299.0
003_001,0.3091334894613583,0.6651053864168618,132.0,284.0
003_002,0.22573363431151242,0.7336343115124153,100.0,325.0
003_003,0.35451505016722407,0.6120401337792643,106.0,183.0
003_004,0.25210084033613445,0.7058823529411765,60.0,168.0
003_005,0.24273504273504273,0.7282051282051282,142.0,426.0
003_006,0.15267175572519084,0.8244274809160306,20.0,108.0
005_001,0.22794117647058823,0.75,93.0,306.0
005_002,0.24874371859296482,0.7261306532663316,99.0,289.0
005_003,0.23766816143497757,0.7286995515695067,106.0,325.0
005_004,0.3108433734939759,0.6650602409638554,129.0,276.0
005_005,0.2046556741028128,0.7788554801163918,211.0,803.0
005_006,0.2982456140350877,0.6578947368421053,136.0,300.0
005_007,0.22671353251318102,0.7539543057996485,129.0,429.0
005_009,0.22003034901365706,0.7647951441578149,145.0,504.0
005_010,0.1438721136767318,0.8241563055062167,81.0,464.0
005_011,0.18495684340320592,0.8014796547472256,150.0,650.0
005_012,0.14327485380116958,0.8362573099415205,49.0,286.0
005_013,0.3790322580645161,0.5806451612903226,141.0,216.0
005_014,0.3851203501094092,0.5492341356673961,176.0,251.0
005_015,0.2814814814814815,0.6666666666666666,76.0,180.0
005_016,0.32684824902723736,0.6342412451361867,84.0,163.0
005_021,0.24037339556592766,0.7386231038506418,206.0,633.0
005_022,0.3020408163265306,0.6632653061224489,148.0,325.0
005_023,0.3517915309446254,0.5960912052117264,108.0,183.0
005_024,0.455,0.515,91.0,103.0
005_025,0.39662447257383965,0.569620253164557,94.0,135.0
005_031,0.3711340206185567,0.5695876288659794,144.0,221.0
005_032,0.4973821989528796,0.45549738219895286,95.0,87.0
005_033,0.37800687285223367,0.5910652920962199,110.0,172.0
005_034,0.5434782608695652,0.41847826086956524,100.0,77.0
005_035,0.38390092879256965,0.6006191950464397,124.0,194.0
005_036,0.23684210526315788,0.7481203007518797,126.0,398.0
005_041,0.26322930800542743,0.7069199457259159,194.0,521.0
005_042,0.48484848484848486,0.4588744588744589,112.0,106.0
005_043,0.5625,0.3860294117647059,153.0,105.0
005_044,0.043478260869565216,0.9565217391304348,1.0,22.0
005_045,0.15384615384615385,0.8461538461538461,2.0,11.0
005_046,0.10101010101010101,0.8787878787878788,10.0,87.0
005_047,0.0,1.0,0.0,7.0
005_051,0.706766917293233,0.2781954887218045,94.0,37.0
005_052,0.45558739255014324,0.5214899713467048,159.0,182.0
005_061,0.71,0.25,142.0,50.0
005_062,0.65,0.32727272727272727,143.0,72.0
005_063,0.6489563567362429,0.3225806451612903,342.0,170.0
005_071,0.2191358024691358,0.7654320987654321,71.0,248.0
005_072,0.445916114790287,0.5253863134657837,202.0,238.0
005_073,0.23829787234042554,0.7319148936170212,56.0,172.0
005_081,0.430939226519337,0.56353591160221,78.0,102.0
005_082,0.44171779141104295,0.5306748466257669,144.0,173.0
005_083,0.3798449612403101,0.5852713178294574,98.0,151.0
005_084,0.3483709273182957,0.6215538847117794,139.0,248.0
005_085,0.2857142857142857,0.6915584415584416,88.0,213.0
005_090,0.46017699115044247,0.504424778761062,104.0,114.0
005_091,0.3803921568627451,0.592156862745098,194.0,302.0
005_092,0.26609442060085836,0.6995708154506438,62.0,163.0
005_093,0.3391003460207612,0.6211072664359861,196.0,359.0
005_094,0.4985835694050991,0.46458923512747874,176.0,164.0
005_101,0.30934343434343436,0.6691919191919192,245.0,530.0
005_102,0.32368896925858953,0.6347197106690777,179.0,351.0
005_103,0.3192488262910798,0.6431924882629108,68.0,137.0
005_104,0.011764705882352941,0.9764705882352941,1.0,83.0
006_001,0.1368421052631579,0.8210526315789474,13.0,78.0
006_002,0.7258064516129032,0.23118279569892472,135.0,43.0
006_003,0.5862068965517241,0.3793103448275862,51.0,33.0
006_004,0.26071428571428573,0.7107142857142857,73.0,199.0
006_005,0.7594059405940594,0.21782178217821782,767.0,220.0
006_006,0.37254901960784315,0.5686274509803921,38.0,58.0
006_007,0.530562347188264,0.42053789731051344,217.0,172.0
006_008,0.6303317535545023,0.3412322274881517,266.0,144.0
006_009,0.5217965653896962,0.44121532364597094,395.0,334.0
006_010,0.4930747922437673,0.45706371191135736,178.0,165.0
006_011,0.5369369369369369,0.42882882882882883,298.0,238.0
006_012,0.5031847133757962,0.4554140127388535,158.0,143.0
006_013,0.5975609756097561,0.37398373983739835,147.0,92.0
006_014,0.3752969121140142,0.5961995249406176,158.0,251.0
006_015,0.48693259972489683,0.4855570839064649,354.0,353.0
006_016,0.44554455445544555,0.5148514851485149,135.0,156.0
006_017,0.8937282229965157,0.078397212543554,513.0,45.0
006_018,0.7112299465240641,0.25133689839572193,133.0,47.0
006_019,0.45695364238410596,0.5033112582781457,69.0,76.0
006_020,0.7899408284023669,0.17751479289940827,267.0,60.0
006_021,0.7909604519774012,0.1638418079096045,140.0,29.0
006_022,0.874251497005988,0.10179640718562874,146.0,17.0
006_023,0.8275862068965517,0.10344827586206896,48.0,6.0
006_024,0.8601036269430051,0.09326424870466321,166.0,18.0
006_025,0.7804878048780488,0.17073170731707318,96.0,21.0
007_001,0.38777292576419214,0.548471615720524,444.0,628.0
007_002,0.5324232081911263,0.40955631399317405,156.0,120.0
007_003,0.4789915966386555,0.4831932773109244,114.0,115.0
007_004,0.5,0.4696969696969697,132.0,124.0
007_005,0.5125858123569794,0.4622425629290618,224.0,202.0
007_007,0.4396135265700483,0.5217391304347826,91.0,108.0
007_010,0.22330097087378642,0.7669902912621359,23.0,79.0
007_011,0.5208333333333334,0.4305555555555556,75.0,62.0
007_012,0.5406976744186046,0.4011627906976744,93.0,69.0
007_013,0.48623853211009177,0.47706422018348627,53.0,52.0
007_014,0.4883720930232558,0.48255813953488375,84.0,83.0
007_015,0.42628205128205127,0.5416666666666666,133.0,169.0
007_016,0.5437616387337058,0.43202979515828677,292.0,232.0
007_017,0.6085271317829457,0.3488372093023256,157.0,90.0
007_018,0.61,0.37,61.0,37.0
007_019,0.7876106194690266,0.168141592920354,89.0,19.0
007_020,0.7188612099644128,0.23487544483985764,202.0,66.0
007_021,0.5760598503740648,0.3865336658354115,231.0,155.0
007_022,0.36401673640167365,0.604602510460251,174.0,289.0
009_001,0.11818181818181818,0.8545454545454545,13.0,94.0
009_002,0.06944444444444445,0.9236111111111112,10.0,133.0
009_003,0.13008130081300814,0.8130081300813008,16.0,100.0
009_004,0.08974358974358974,0.882051282051282,35.0,344.0
009_005,0.28225806451612906,0.6653225806451613,70.0,165.0
009_006,0.7619047619047619,0.21164021164021163,144.0,40.0
009_007,0.7360248447204969,0.2422360248447205,237.0,78.0
009_008,0.5717344753747323,0.4068522483940043,267.0,190.0
009_009,0.5582417582417583,0.4307692307692308,254.0,196.0
009_010,0.18118466898954705,0.8013937282229965,52.0,230.0
009_011,0.2954856361149111,0.6744186046511628,216.0,493.0
009_012,0.381957773512476,0.5911708253358925,199.0,308.0
009_013,0.2493368700265252,0.713527851458886,94.0,269.0
009_014,0.22717149220489977,0.7394209354120267,102.0,332.0
009_015,0.34375,0.6225961538461539,143.0,259.0
009_016,0.07692307692307693,0.9230769230769231,3.0,36.0
009_017,0.1996879875195008,0.7784711388455539,128.0,499.0
009_018,0.20689655172413793,0.7770649558941459,258.0,969.0
009_019,0.17362637362637362,0.8010989010989011,158.0,729.0
009_020,0.4306930693069307,0.5321782178217822,174.0,215.0
009_021,0.3957845433255269,0.5714285714285714,169.0,244.0
009_022,0.47701149425287354,0.4827586206896552,83.0,84.0
009_023,0.15777262180974477,0.8236658932714617,68.0,355.0
009_024,0.24310118265440211,0.7319316688567674,185.0,557.0
009_025,0.7391304347826086,0.23671497584541062,153.0,49.0
009_026,0.5402298850574713,0.42528735632183906,94.0,74.0
009_027,0.39655172413793105,0.5344827586206896,46.0,62.0
009_028,0.5426829268292683,0.4268292682926829,89.0,70.0
009_029,0.46987951807228917,0.4939759036144578,78.0,82.0
009_030,0.20512820512820512,0.7728937728937729,56.0,211.0
009_031,0.37438423645320196,0.6157635467980296,76.0,125.0
009_032,0.19727891156462585,0.7687074829931972,58.0,226.0
009_033,0.2391304347826087,0.7367149758454107,99.0,305.0
009_034,0.07291666666666667,0.9166666666666666,7.0,88.0
009_035,0.12638580931263857,0.8514412416851441,57.0,384.0
009_036,0.10967741935483871,0.8709677419354839,17.0,135.0
009_037,0.17565485362095531,0.802773497688752,114.0,521.0
011_001,0.10256410256410256,0.8974358974358975,8.0,70.0
011_002,0.215962441314554,0.7488262910798122,92.0,319.0
011_003,0.37037037037037035,0.5851851851851851,100.0,158.0
011_004,0.6796875,0.3046875,87.0,39.0
013_001,0.5170068027210885,0.46258503401360546,152.0,136.0
013_002,0.46619217081850534,0.5231316725978647,131.0,147.0
013_003,0.55,0.4318181818181818,121.0,95.0
013_004,0.7134615384615385,0.2673076923076923,371.0,139.0
013_005,0.5858433734939759,0.3825301204819277,389.0,254.0
013_006,0.3927392739273927,0.5841584158415841,119.0,177.0
013_007,0.47794117647058826,0.49080882352941174,260.0,267.0
013_008,0.7797513321492007,0.20071047957371227,439.0,113.0
013_009,0.797752808988764,0.1853932584269663,142.0,33.0
013_010,0.7603305785123967,0.22727272727272727,368.0,110.0
013_011,0.8497576736672051,0.12924071082390953,526.0,80.0
013_012,0.8068057080131723,0.18331503841931943,735.0,167.0
013_013,0.9205569205569205,0.07698607698607698,1124.0,94.0
013_014,0.4432624113475177,0.5443262411347518,500.0,614.0
013_015,0.6176211453744493,0.3674008810572687,701.0,417.0
013_016,0.6987951807228916,0.2931726907630522,348.0,146.0
013_017,0.6121323529411765,0.36764705882352944,333.0,200.0
013_018,0.6753846153846154,0.29384615384615387,439.0,191.0
013_019,0.42808607021517553,0.549263873159683,378.0,485.0
013_020,0.537842190016103,0.4331723027375201,334.0,269.0
013_021,0.3680104031209363,0.6189856957087126,283.0,476.0
013_022,0.5180995475113123,0.4434389140271493,458.0,392.0
013_023,0.6889400921658986,0.2626728110599078,299.0,114.0
013_024,0.5681341719077568,0.40041928721174,271.0,191.0
013_025,0.6038251366120219,0.366120218579235,221.0,134.0
013_026,0.48092485549132946,0.4913294797687861,416.0,425.0
013_027,0.685785536159601,0.2793017456359102,275.0,112.0
013_028,0.76953125,0.1953125,394.0,100.0
013_029,0.7521008403361344,0.226890756302521,179.0,54.0
013_030,0.6430594900849859,0.3087818696883853,227.0,109.0
013_031,0.6053215077605322,0.352549889135255,273.0,159.0
013_032,0.8522727272727273,0.13636363636363635,75.0,12.0
013_033,0.6497584541062802,0.3188405797101449,269.0,132.0
013_034,0.6510948905109489,0.327007299270073,446.0,224.0
013_035,0.7802690582959642,0.20179372197309417,174.0,45.0
013_036,0.7078651685393258,0.23595505617977527,126.0,42.0
013_037,0.6940298507462687,0.2537313432835821,279.0,102.0
013_038,0.7310606060606061,0.24053030303030304,386.0,127.0
013_039,0.5864485981308412,0.37383177570093457,251.0,160.0
013_040,0.5286506469500925,0.4269870609981516,286.0,231.0
013_041,0.7345971563981043,0.23696682464454977,155.0,50.0
013_042,0.7014218009478673,0.27014218009478674,148.0,57.0
013_043,0.718978102189781,0.23357664233576642,197.0,64.0
013_044,0.6762177650429799,0.27507163323782235,236.0,96.0
013_045,0.6818181818181818,0.26420454545454547,240.0,93.0
013_046,0.6454849498327759,0.3110367892976589,193.0,93.0
013_047,0.6552631578947369,0.2894736842105263,249.0,110.0
013_048,0.6829268292682927,0.2845528455284553,336.0,140.0
013_049,0.5675675675675675,0.3783783783783784,189.0,126.0
013_050,0.6443514644351465,0.29707112970711297,154.0,71.0
013_051,0.5901639344262295,0.3825136612021858,216.0,140.0
013_052,0.5645645645645646,0.37537537537537535,376.0,250.0
013_053,0.6083150984682714,0.29321663019693656,278.0,134.0
013_054,0.601078167115903,0.30727762803234504,223.0,114.0
013_055,0.5515625,0.4109375,353.0,263.0
013_056,0.5419664268585132,0.42805755395683454,452.0,357.0
013_057,0.5369127516778524,0.42953020134228187,240.0,192.0
013_058,0.6038543897216274,0.3147751605995717,282.0,147.0
013_059,0.4219948849104859,0.5413469735720375,495.0,635.0
013_060,0.5725190839694656,0.4198473282442748,75.0,55.0
013_061,0.5660621761658031,0.4015544041450777,437.0,310.0
013_062,0.4612546125461255,0.5009225092250923,500.0,543.0
013_063,0.4366812227074236,0.5400291120815138,300.0,371.0
013_064,0.4878048780487805,0.47560975609756095,120.0,117.0
013_065,0.6736526946107785,0.2874251497005988,225.0,96.0
013_066,0.5137795275590551,0.45570866141732286,522.0,463.0
013_067,0.50593824228028506,0.4600158353127474,639.0,581.0
013_068,0.5591715976331361,0.38461538461538464,189.0,130.0
013_069,0.5232067510548524,0.4388185654008439,248.0,208.0
013_070,0.5838709677419355,0.35161290322580646,181.0,109.0
013_071,0.4803001876172608,0.48592870544090055,256.0,259.0
013_072,0.45652173913043476,0.4963768115942029,126.0,137.0
013_073,0.5017026106696936,0.47219069239500566,442.0,416.0
013_074,0.4479495268138801,0.5394321766561514,142.0,171.0
013_075,0.5051094890510949,0.472992700729927,346.0,324.0
013_076,0.5773195876288659,0.41237113402061853,168.0,120.0
013_077,0.4900990099009901,0.47277227722772275,198.0,191.0
013_078,0.5952890792291221,0.37794432548179874,556.0,353.0
013_079,0.6937901498929336,0.2890792291220557,324.0,135.0
013_080,0.8724279835390947,0.11522633744855967,424.0,56.0
013_081,0.41935483870967744,0.535483870967742,65.0,83.0
013_082,0.7205542725173211,0.24942263279445728,312.0,108.0
013_083,0.5149444918872759,0.46199829205807,603.0,541.0
013_084,0.4646840148698885,0.49070631970260226,250.0,264.0
013_085,0.48417132216014896,0.48417132216014896,260.0,260.0
013_086,0.4612579762989973,0.504102096627165,506.0,553.0
013_087,0.37374860956618466,0.6062291434927698,336.0,545.0
013_088,0.6143497757847534,0.35874439461883406,137.0,80.0
013_089,0.4766355140186916,0.4934579439252336,255.0,264.0
013_090,0.5623721881390593,0.4069529652351738,275.0,199.0
013_091,0.6029411764705882,0.36764705882352944,246.0,150.0
013_092,0.8161764705882353,0.14705882352941177,111.0,20.0
013_093,0.7299270072992701,0.26277372262773724,100.0,36.0
013_094,0.7105263157894737,0.2669172932330827,189.0,71.0
013_095,0.5247524752475248,0.44554455445544555,53.0,45.0
013_096,0.4608843537414966,0.5051020408163265,271.0,297.0
013_097,0.8871595330739299,0.10765239948119326,684.0,83.0
013_098,0.4313304721030043,0.5364806866952789,201.0,250.0
013_099,0.48058252427184467,0.4890776699029126,396.0,403.0
013_100,0.3971774193548387,0.5685483870967742,197.0,282.0
013_101,0.5745937961595273,0.40029542097488924,389.0,271.0
013_102,0.4394033561218148,0.540708514605345,707.0,870.0
013_103,0.5690909090909091,0.4072727272727273,313.0,224.0
013_104,0.5532994923857868,0.41116751269035534,218.0,162.0
013_105,0.5316336166194523,0.4400377714825307,563.0,466.0
013_106,0.48034934497816595,0.4925764192139738,550.0,564.0
013_107,0.38142857142857145,0.5985714285714285,267.0,419.0
013_108,0.4568210262828536,0.5131414267834794,365.0,410.0
013_109,0.47774750227066304,0.49591280653950953,526.0,546.0
013_110,0.45194508009153317,0.5194508009153318,395.0,454.0
013_111,0.3780487804878049,0.5365853658536586,31.0,44.0
013_112,0.4208664898320071,0.5632183908045977,476.0,637.0
013_113,0.453125,0.5208333333333334,261.0,300.0
013_114,0.42063492063492064,0.5621693121693122,318.0,425.0
013_115,0.29157175398633256,0.6810933940774487,128.0,299.0
013_116,0.4685466377440347,0.5140997830802603,216.0,237.0
013_117,0.6038514442916093,0.3631361760660248,439.0,264.0
013_118,0.5276381909547738,0.4338358458961474,315.0,259.0
013_119,0.6083916083916084,0.3613053613053613,261.0,155.0
013_120,0.4406779661016949,0.5084745762711864,26.0,30.0
015_001,0.23255813953488372,0.740608228980322,130.0,414.0
015_002,0.5255023183925811,0.44513137557959814,340.0,288.0
015_003,0.28923076923076924,0.6584615384615384,94.0,214.0
015_004,0.17456896551724138,0.8038793103448276,162.0,746.0
015_005,0.12434141201264488,0.8545837723919916,118.0,811.0
015_006,0.19648093841642228,0.7668621700879765,134.0,523.0
015_007,0.1881720430107527,0.7946236559139785,175.0,739.0
015_008,0.14777327935222673,0.8441295546558705,73.0,417.0
015_009,0.4423963133640553,0.5138248847926268,192.0,223.0
015_010,0.6949152542372882,0.2736077481840194,287.0,113.0
015_011,0.7490196078431373,0.23137254901960785,191.0,59.0
015_012,0.5728155339805825,0.4077669902912621,59.0,42.0
015_013,0.6255506607929515,0.3524229074889868,284.0,160.0
015_014,0.5757575757575758,0.3939393939393939,133.0,91.0
015_015,0.5303867403314917,0.43922651933701656,192.0,159.0
015_016,0.43144424131627057,0.5374771480804388,236.0,294.0
015_017,0.3521594684385382,0.5996677740863787,212.0,361.0
015_018,0.31438721136767317,0.6394316163410302,177.0,360.0
015_019,0.26403326403326405,0.6902286902286903,127.0,332.0
015_020,0.35074626865671643,0.6119402985074627,141.0,246.0
015_021,0.3691275167785235,0.6006711409395973,110.0,179.0
015_023,0.4908675799086758,0.4931506849315068,215.0,216.0
015_025,0.3404255319148936,0.599290780141844,96.0,169.0
015_026,0.37188208616780044,0.6009070294784581,164.0,265.0
015_027,0.2839506172839506,0.6851851851851852,230.0,555.0
015_028,0.21601208459214502,0.7628398791540786,143.0,505.0
015_029,0.16279069767441862,0.8372093023255814,7.0,36.0
015_030,0.20930232558139536,0.7674418604651163,9.0,33.0
015_032,0.5572625698324022,0.4273743016759777,399.0,306.0
015_033,0.33635187580853815,0.6274256144890039,260.0,485.0
015_034,0.30549199084668194,0.6613272311212814,267.0,578.0
015_035,0.29243353783231085,0.6768916155419223,143.0,331.0
015_036,0.2018348623853211,0.7706422018348624,110.0,420.0
015_037,0.20649651972157773,0.777262180974478,89.0,335.0
015_038,0.1981981981981982,0.7927927927927928,22.0,88.0
015_039,0.1647940074906367,0.8164794007490637,44.0,218.0
015_040,0.072,0.904,9.0,113.0
015_041,0.12064343163538874,0.8605898123324397,45.0,321.0
015_042,0.017857142857142856,0.9821428571428571,1.0,55.0
015_044,0.3579109062980031,0.6175115207373272,233.0,402.0
015_045,0.18541666666666667,0.79375,89.0,381.0
017_001,0.260707635009311,0.6983240223463687,140.0,375.0
017_002,0.47701149425287354,0.4942528735632184,83.0,86.0
017_003,0.4722222222222222,0.3611111111111111,17.0,13.0
017_004,0.3924050632911392,0.569620253164557,31.0,45.0
017_005,0.4230769230769231,0.5367892976588629,253.0,321.0
017_006,0.3225806451612903,0.6290322580645161,20.0,39.0
017_007,0.5054545454545455,0.44,139.0,121.0
017_008,0.4543147208121827,0.5152284263959391,358.0,406.0
017_009,0.6804733727810651,0.3076923076923077,115.0,52.0
017_010,0.5209580838323353,0.4431137724550898,87.0,74.0
017_011,0.3755868544600939,0.6103286384976526,320.0,520.0
017_012,0.496137339055794,0.4678111587982833,578.0,545.0
017_013,0.4931071049840933,0.4740190880169671,465.0,447.0
017_014,0.578853046594982,0.3763440860215054,323.0,210.0
017_015,0.6069277108433735,0.3629518072289157,403.0,241.0
017_016,0.5615671641791045,0.41044776119402987,301.0,220.0
017_017,0.3944223107569721,0.5537848605577689,99.0,139.0
017_018,0.6731301939058172,0.27977839335180055,243.0,101.0
017_019,0.7913907284768212,0.16887417218543047,239.0,51.0
017_020,0.7125984251968503,0.25393700787401574,362.0,129.0
017_021,0.8598130841121495,0.09345794392523364,92.0,10.0
017_022,0.6849557522123894,0.3008849557522124,387.0,170.0
017_023,0.43452380952380953,0.5238095238095238,73.0,88.0
017_024,0.74235807860262,0.22707423580786026,170.0,52.0
017_025,0.8054607508532423,0.16382252559726962,236.0,48.0
017_026,0.7857142857142857,0.1836734693877551,231.0,54.0
017_027,0.8007380073800738,0.15867158671586715,217.0,43.0
017_028,0.7760416666666666,0.203125,298.0,78.0
017_029,0.5167785234899329,0.4463087248322148,154.0,133.0
017_030,0.4067796610169492,0.5536723163841808,144.0,196.0
017_031,0.10204081632653061,0.8571428571428571,5.0,42.0
017_032,0.75,0.21428571428571427,105.0,30.0
017_033,0.4106583072100313,0.5235109717868338,131.0,167.0
017_034,0.7705882352941177,0.18823529411764706,262.0,64.0
017_035,0.13636363636363635,0.7272727272727273,9.0,48.0
019_001,0.6725978647686833,0.28113879003558717,378.0,158.0
019_002,0.6711026615969582,0.27566539923954375,353.0,145.0
019_003,0.6696428571428571,0.29017857142857145,300.0,130.0
019_004,0.6984126984126984,0.24867724867724866,132.0,47.0
019_005,0.7926829268292683,0.1878048780487805,325.0,77.0
021_001,0.3375,0.6541666666666667,81.0,157.0
021_002,0.49584487534626037,0.4709141274238227,179.0,170.0
023_001,0.5733634311512416,0.40632054176072235,254.0,180.0
023_002,0.7870967741935484,0.18387096774193548,244.0,57.0
023_003,0.6929133858267716,0.28346456692913385,352.0,144.0
023_004,0.16756756756756758,0.8324324324324325,31.0,154.0
023_005,0.3543307086614173,0.5984251968503937,45.0,76.0
023_006,0.19060773480662985,0.7955801104972375,69.0,288.0
025_002,0.034482758620689655,0.9310344827586207,1.0,27.0
025_003,0.15353535353535352,0.8101010101010101,76.0,401.0
025_010,0.19365609348914858,0.7813021702838063,116.0,468.0
025_011,0.4292929292929293,0.5353535353535354,85.0,106.0
025_012,0.32211538461538464,0.6586538461538461,67.0,137.0
025_013,0.23974763406940064,0.7271293375394322,152.0,461.0
025_014,0.26987951807228916,0.7036144578313253,112.0,292.0
025_015,0.15847665847665848,0.812039312039312,129.0,661.0
025_016,0.43169398907103823,0.5519125683060109,79.0,101.0
025_017,0.3278008298755187,0.6473029045643154,79.0,156.0
025_018,0.12556053811659193,0.8699551569506726,28.0,194.0
025_020,0.1148936170212766,0.8606382978723405,108.0,809.0
025_021,0.12149532710280374,0.8738317757009346,26.0,187.0
025_022,0.1388888888888889,0.8357487922705314,115.0,692.0
025_023,0.13904494382022473,0.8412921348314607,99.0,599.0
025_024,0.13859275053304904,0.8464818763326226,65.0,397.0
025_025,0.13106796116504854,0.8592233009708737,54.0,354.0
025_026,0.14890282131661442,0.8197492163009404,95.0,523.0
025_027,0.14583333333333334,0.8375,70.0,402.0
025_028,0.23939393939393938,0.7484848484848485,79.0,247.0
025_029,0.22826086956521738,0.7456521739130435,105.0,343.0
025_030,0.26153846153846155,0.72,85.0,234.0
025_031,0.3590308370044053,0.6211453744493393,163.0,282.0
025_032,0.20909090909090908,0.7704545454545455,92.0,339.0
025_033,0.23788546255506607,0.748898678414097,108.0,340.0
025_034,0.3673469387755102,0.6190476190476191,54.0,91.0
025_035,0.40718562874251496,0.5688622754491018,68.0,95.0
025_036,0.3716012084592145,0.6012084592145015,123.0,199.0
025_041,0.2507598784194529,0.7355623100303952,165.0,484.0
025_042,0.22303921568627452,0.7426470588235294,91.0,303.0
025_043,0.2367758186397985,0.7355163727959698,94.0,292.0
025_044,0.25326370757180156,0.7232375979112271,97.0,277.0
025_051,0.5253164556962026,0.4620253164556962,83.0,73.0
025_052,0.5448717948717948,0.4358974358974359,255.0,204.0
025_053,0.6206896551724138,0.3660477453580902,234.0,138.0
025_054,0.45604395604395603,0.521978021978022,83.0,95.0
025_055,0.48872180451127817,0.46616541353383456,65.0,62.0
025_061,0.51,0.4533333333333333,153.0,136.0
025_062,0.10476190476190476,0.8761904761904762,22.0,184.0
025_071,0.22942643391521197,0.7406483790523691,92.0,297.0
025_072,0.1752988047808765,0.8067729083665338,88.0,405.0
025_073,0.21525885558583105,0.7683923705722071,79.0,282.0
025_074,0.19913419913419914,0.7748917748917749,46.0,179.0
027_001,0.23008849557522124,0.7345132743362832,52.0,166.0
027_002,0.5782608695652174,0.391304347826087,133.0,90.0
027_003,0.2363150867823765,0.7209612817089452,177.0,540.0
027_004,0.28533333333333333,0.6773333333333333,107.0,254.0
027_005,0.2571428571428571,0.7177142857142857,225.0,628.0
027_006,0.26676384839650147,0.7099125364431487,183.0,487.0
027_007,0.35172413793103446,0.6022988505747127,306.0,524.0
027_008,0.2841225626740947,0.6810584958217271,204.0,489.0
027_009,0.33669609079445145,0.6166456494325346,267.0,489.0
027_010,0.40669856459330145,0.5550239234449761,85.0,116.0
027_011,0.3767361111111111,0.5625,217.0,324.0
027_012,0.3664383561643836,0.6061643835616438,107.0,177.0
027_013,0.4774011299435028,0.4858757062146893,169.0,172.0
027_014,0.3270042194092827,0.6455696202531646,155.0,306.0
027_015,0.25663716814159293,0.7212389380530974,58.0,163.0
027_016,0.3597122302158273,0.5971223021582733,50.0,83.0
027_017,0.27419354838709675,0.6967741935483871,85.0,216.0
027_018,0.35555555555555557,0.6222222222222222,48.0,84.0
027_019,0.28888888888888886,0.6888888888888889,39.0,93.0
027_020,0.3007518796992481,0.650375939849624,80.0,173.0
027_021,0.3205944798301486,0.6454352441613588,151.0,304.0
027_022,0.3308270676691729,0.6240601503759399,44.0,83.0
028_001,0.46899841017488075,0.48171701112877585,295.0,303.0
028_002,0.5034802784222738,0.4361948955916473,217.0,188.0
028_003,0.38817005545286504,0.5656192236598891,210.0,306.0
028_004,0.4269005847953216,0.5014619883040936,292.0,343.0
028_005,0.41379310344827586,0.5320197044334976,168.0,216.0
028_006,0.3946146703806871,0.5394614670380687,425.0,581.0
028_007,0.48322147651006714,0.4563758389261745,216.0,204.0
028_008,0.5635673624288425,0.3776091081593928,297.0,199.0
028_009,0.5758354755784062,0.35989717223650386,224.0,140.0
028_010,0.5733333333333334,0.35,172.0,105.0
028_011,0.5686546463245492,0.37170596393897365,410.0,268.0
028_012,0.5581818181818182,0.3836363636363636,307.0,211.0
028_013,0.5269565217391304,0.39652173913043476,303.0,228.0
028_014,0.45183887915936954,0.47285464098073554,258.0,270.0
028_015,0.4799107142857143,0.45982142857142855,645.0,618.0
028_016,0.5056285178236398,0.42401500938086306,539.0,452.0
028_017,0.5378787878787878,0.41414141414141414,213.0,164.0
029_001,0.5094339622641509,0.44339622641509435,108.0,94.0
029_002,0.40162271805273836,0.5537525354969574,198.0,273.0
029_003,0.3821656050955414,0.597452229299363,300.0,469.0
029_004,0.6959619952494062,0.2684085510688836,293.0,113.0
029_005,0.49429657794676807,0.47655259822560203,390.0,376.0
029_006,0.5384615384615384,0.4280078895463511,273.0,217.0
029_008,0.7131474103585658,0.2589641434262948,358.0,130.0
029_010,0.4143337066069429,0.5666293393057111,370.0,506.0
029_011,0.6504672897196262,0.31962616822429907,348.0,171.0
029_012,0.5889830508474576,0.3728813559322034,278.0,176.0
029_013,0.3254670599803343,0.6352015732546706,331.0,646.0
029_014,0.38443935926773454,0.5709382151029748,336.0,499.0
031_001,0.8080229226361032,0.17765042979942694,282.0,62.0
031_002,0.7081081081081081,0.24864864864864866,131.0,46.0
031_003,0.503030303030303,0.48484848484848486,83.0,80.0
031_004,0.8867403314917127,0.09392265193370165,321.0,34.0
031_005,0.825,0.15,528.0,96.0
031_006,0.833095577746077,0.14265335235378032,584.0,100.0
031_007,0.8395303326810176,0.12720156555772993,429.0,65.0
031_008,0.8739837398373984,0.1016260162601626,215.0,25.0
031_009,0.7961165048543689,0.17637540453074432,492.0,109.0
031_010,0.8465703971119134,0.1299638989169675,469.0,72.0
031_011,0.7795698924731183,0.1774193548387097,145.0,33.0
031_012,0.780327868852459,0.20655737704918034,238.0,63.0
031_013,0.7777777777777778,0.2139917695473251,189.0,52.0
031_014,0.722662440570523,0.24722662440570523,456.0,156.0
031_015,0.7811634349030471,0.20221606648199447,564.0,146.0
031_016,0.7598684210526315,0.21710526315789475,231.0,66.0
031_017,0.5518453427065027,0.40421792618629176,314.0,230.0
031_018,0.7661290322580645,0.20161290322580644,95.0,25.0
031_019,0.8227194492254734,0.1549053356282272,478.0,90.0
031_020,0.7570281124497992,0.22690763052208834,377.0,113.0
031_021,0.710997442455243,0.2659846547314578,278.0,104.0
031_022,0.7469879518072289,0.23493975903614459,248.0,78.0
031_023,0.7871900826446281,0.18801652892561985,381.0,91.0
031_024,0.777319587628866,0.21237113402061855,377.0,103.0
031_025,0.7201492537313433,0.2599502487562189,579.0,209.0
031_026,0.2787878787878788,0.6818181818181818,92.0,225.0
031_027,0.9485627836611196,0.04387291981845688,627.0,29.0
031_028,0.9383116883116883,0.04220779220779221,289.0,13.0
031_029,0.9323671497584541,0.05555555555555555,386.0,23.0
031_030,0.9239130434782609,0.05745341614906832,595.0,37.0
031_031,0.5372670807453416,0.4409937888198758,173.0,142.0
031_032,0.6078431372549019,0.3627450980392157,124.0,74.0
031_033,0.7467811158798283,0.22532188841201717,348.0,105.0
031_034,0.7614213197969543,0.2131979695431472,150.0,42.0
031_035,0.720164609053498,0.25102880658436216,175.0,61.0
031_036,0.7407407407407407,0.24691358024691357,60.0,20.0
031_037,0.6357142857142857,0.30714285714285716,89.0,43.0
031_038,0.8043478260869565,0.15760869565217392,148.0,29.0
031_039,0.6862170087976539,0.2727272727272727,234.0,93.0
031_040,0.6157894736842106,0.35789473684210527,117.0,68.0
031_041,0.6853932584269663,0.2612359550561798,244.0,93.0
031_042,0.5033112582781457,0.46357615894039733,76.0,70.0
031_043,0.5078534031413613,0.47294938917975565,291.0,271.0
031_044,0.4152823920265781,0.5581395348837209,125.0,168.0
031_045,0.4329268292682927,0.5426829268292683,142.0,178.0
031_046,0.5118279569892473,0.45806451612903226,238.0,213.0
031_047,0.7639751552795031,0.20496894409937888,123.0,33.0
031_048,0.7140350877192982,0.24912280701754386,407.0,142.0
031_049,0.502262443438914,0.4494720965309201,333.0,298.0
031_050,0.5754716981132075,0.41509433962264153,61.0,44.0
031_052,0.472636815920398,0.4975124378109453,95.0,100.0
031_053,0.8790931989924433,0.10831234256926953,349.0,43.0
031_054,0.7774725274725275,0.21153846153846154,283.0,77.0
031_055,0.7180451127819549,0.2518796992481203,191.0,67.0
031_056,0.45433255269320844,0.5245901639344263,194.0,224.0
031_057,0.8357142857142857,0.15,234.0,42.0
031_058,0.610705596107056,0.3722627737226277,251.0,153.0
031_059,0.5824742268041238,0.4020618556701031,113.0,78.0
033_001,0.7318087318087318,0.23700623700623702,352.0,114.0
033_002,0.7840909090909091,0.19090909090909092,345.0,84.0
033_003,0.71875,0.26785714285714285,161.0,60.0
033_004,0.7933579335793358,0.1918819188191882,215.0,52.0
033_005,0.7013574660633484,0.27149321266968324,155.0,60.0
033_006,0.7627118644067796,0.2033898305084746,90.0,24.0
033_007,0.851063829787234,0.14184397163120568,120.0,20.0
033_008,0.7398373983739838,0.24796747967479674,182.0,61.0
033_009,0.574468085106383,0.35106382978723405,54.0,33.0
033_010,0.7549668874172185,0.2251655629139073,114.0,34.0
033_011,0.7455357142857143,0.23660714285714285,167.0,53.0
035_001,0.7421383647798742,0.25157232704402516,236.0,80.0
035_002,0.14285714285714285,0.7857142857142857,4.0,22.0
035_003,0.0,0.9615384615384616,0.0,25.0
035_004,0.08823529411764706,0.8970588235294118,6.0,61.0
035_005,0.19642857142857142,0.7678571428571429,33.0,129.0
035_006,0.13333333333333333,0.8148148148148148,18.0,110.0
035_007,0.14492753623188406,0.8502415458937198,30.0,176.0
035_008,0.2728047740835465,0.690537084398977,320.0,810.0
035_009,0.2539130434782609,0.711304347826087,146.0,409.0
035_010,0.2927382753403933,0.6656580937972768,387.0,880.0
035_011,0.8381147540983607,0.12704918032786885,409.0,62.0
035_012,0.31334332833583206,0.6416791604197901,209.0,428.0
035_013,0.4326530612244898,0.5061224489795918,212.0,248.0
035_014,0.3129251700680272,0.6507936507936508,276.0,574.0
035_015,0.2559774964838256,0.7018284106891702,182.0,499.0
035_016,0.32620320855614976,0.6256684491978609,61.0,117.0
035_017,0.37057991513437055,0.5869872701555869,262.0,415.0
035_018,0.26894586894586897,0.7008547008547008,472.0,1230.0
035_019,0.717391304347826,0.24782608695652175,165.0,57.0
035_020,0.6405529953917051,0.33640552995391704,139.0,73.0
035_021,0.3213872832369942,0.6497109826589595,278.0,562.0
035_022,0.39194139194139194,0.5787545787545788,107.0,158.0
035_023,0.45103857566765576,0.5133531157270029,152.0,173.0
035_024,0.31066666666666665,0.6506666666666666,233.0,488.0
035_025,0.2987012987012987,0.6753246753246753,161.0,364.0
035_026,0.3545706371191136,0.5983379501385041,128.0,216.0
035_027,0.33954451345755693,0.6169772256728778,164.0,298.0
035_028,0.2982885085574572,0.6625916870415648,244.0,542.0
035_029,0.2871287128712871,0.676980198019802,232.0,547.0
035_030,0.4249201277955272,0.5335463258785943,133.0,167.0
035_031,0.3851851851851852,0.5555555555555556,104.0,150.0
035_032,0.4805194805194805,0.461038961038961,148.0,142.0
035_033,0.36666666666666664,0.5833333333333334,132.0,210.0
035_034,0.3180327868852459,0.6557377049180327,97.0,200.0
035_035,0.23066666666666666,0.7253333333333334,173.0,544.0
035_036,0.38095238095238093,0.5941043083900227,168.0,262.0
035_037,0.2967741935483871,0.6645161290322581,92.0,206.0
035_038,0.35454545454545455,0.6,39.0,66.0
035_039,0.30245746691871456,0.667296786389414,160.0,353.0
035_040,0.2702078521939954,0.7020785219399538,117.0,304.0
035_041,0.6779661016949152,0.31864406779661014,200.0,94.0
037_001,0.020833333333333332,0.9479166666666666,2.0,91.0
037_002,0.09333333333333334,0.8533333333333334,7.0,64.0
037_003,0.2631578947368421,0.7044534412955465,65.0,174.0
037_004,0.12,0.8533333333333334,9.0,64.0
037_005,0.19491525423728814,0.7813559322033898,115.0,461.0
037_006,0.2175141242937853,0.7627118644067796,77.0,270.0
037_007,0.6909975669099757,0.26277372262773724,284.0,108.0
037_008,0.4383561643835616,0.5205479452054794,96.0,114.0
037_009,0.45614035087719296,0.5029239766081871,234.0,258.0
037_010,0.7288135593220338,0.2542372881355932,172.0,60.0
037_011,0.4026974951830443,0.5568400770712909,209.0,289.0
037_012,0.30376344086021506,0.6693548387096774,113.0,249.0
039_001,0.8053333333333333,0.15733333333333333,302.0,59.0
039_002,0.7780104712041885,0.1968586387434555,743.0,188.0
039_003,0.7545454545454545,0.22727272727272727,332.0,100.0
039_004,0.7151799687010955,0.2535211267605634,457.0,162.0
039_005,0.7323943661971831,0.2112676056338028,260.0,75.0
039_006,0.861244019138756,0.11004784688995216,180.0,23.0
039_007,0.834307992202729,0.1286549707602339,428.0,66.0
039_008,0.7489539748953975,0.20502092050209206,179.0,49.0
039_009,0.7129337539432177,0.26498422712933756,226.0,84.0
039_010,0.7908745247148289,0.1806083650190114,416.0,95.0
039_011,0.6739356178608515,0.284527518172378,649.0,274.0
039_012,0.6984615384615385,0.2676923076923077,227.0,87.0
039_013,0.7675840978593272,0.21100917431192662,502.0,138.0
039_014,0.7733333333333333,0.208,290.0,78.0
039_015,0.8557213930348259,0.11940298507462686,172.0,24.0
039_016,0.7888446215139442,0.1752988047808765,198.0,44.0
039_017,0.8672566371681416,0.04424778761061947,98.0,5.0
039_018,0.6915254237288135,0.26101694915254237,204.0,77.0
039_019,0.5464684014869888,0.4200743494423792,147.0,113.0
039_020,0.5877862595419847,0.3801526717557252,385.0,249.0
039_021,0.7941176470588235,0.20588235294117646,54.0,14.0
039_022,0.8125,0.17708333333333334,78.0,17.0
039_023,0.8218390804597702,0.13218390804597702,143.0,23.0
039_024,0.8132450331125828,0.15364238410596026,614.0,116.0
039_025,0.1456953642384106,0.8013245033112583,22.0,121.0
039_026,0.6649484536082474,0.3247422680412371,129.0,63.0
039_027,0.7088607594936709,0.2911392405063291,56.0,23.0
039_028,0.9090909090909091,0.09090909090909091,30.0,3.0
039_029,0.0,1.0,0.0,15.0
039_030,0.425,0.5375,68.0,86.0
039_031,0.8359683794466403,0.12055335968379446,423.0,61.0
039_032,0.7357142857142858,0.22142857142857142,206.0,62.0
039_033,0.8428571428571429,0.11428571428571428,59.0,8.0
039_034,1.0,0.0,7.0,0.0
039_035,0.7570093457943925,0.22803738317757008,405.0,122.0
039_036,0.7464788732394366,0.228602383531961,689.0,211.0
039_037,0.8071428571428572,0.16428571428571428,113.0,23.0
039_038,0.7964912280701755,0.1824561403508772,454.0,104.0
039_039,0.7321100917431193,0.22752293577981653,399.0,124.0
039_040,0.7220338983050848,0.24745762711864408,426.0,146.0
039_041,0.8915094339622641,0.08018867924528301,567.0,51.0
039_042,0.8707482993197279,0.09523809523809523,128.0,14.0
041_001,0.4146341463414634,0.5505226480836237,119.0,158.0
041_002,0.2665799739921977,0.7113133940182055,205.0,547.0
041_003,0.2222222222222222,0.7407407407407407,12.0,40.0
041_004,0.14814814814814814,0.831275720164609,36.0,202.0
041_005,0.11330049261083744,0.8768472906403941,23.0,178.0
041_006,0.10266159695817491,0.8897338403041825,27.0,234.0
041_007,0.47297297297297297,0.4864864864864865,70.0,72.0
041_008,0.660056657223796,0.3031161473087819,233.0,107.0
041_009,0.2846034214618974,0.687402799377916,183.0,442.0
041_010,0.27527216174183516,0.6780715396578538,177.0,436.0
041_011,0.20476190476190476,0.7523809523809524,43.0,158.0
041_012,0.35049019607843135,0.6004901960784313,143.0,245.0
041_013,0.389937106918239,0.5345911949685535,62.0,85.0
041_014,0.3367983367983368,0.6153846153846154,162.0,296.0
041_015,0.2828282828282828,0.6919191919191919,56.0,137.0
041_016,0.2822085889570552,0.6993865030674846,46.0,114.0
041_017,0.19230769230769232,0.7840236686390533,65.0,265.0
041_018,0.16009852216748768,0.8054187192118226,65.0,327.0
045_001,0.7408491947291361,0.22108345534407028,506.0,151.0
045_002,0.7211703958691911,0.24784853700516352,419.0,144.0
045_003,0.744874715261959,0.23234624145785876,327.0,102.0
045_004,0.717234262125903,0.25386996904024767,695.0,246.0
045_005,0.718436873747495,0.2535070140280561,717.0,253.0
045_006,0.6467889908256881,0.3165137614678899,141.0,69.0
045_007,0.7805755395683454,0.16906474820143885,217.0,47.0
045_008,0.7613776137761378,0.2091020910209102,619.0,170.0
045_009,0.7777777777777778,0.20512820512820512,182.0,48.0
045_010,0.7535410764872521,0.22096317280453256,266.0,78.0
045_011,0.6813186813186813,0.2692307692307692,248.0,98.0
045_012,0.7868852459016393,0.1901639344262295,240.0,58.0
045_013,0.8214285714285714,0.14495798319327732,391.0,69.0
045_014,0.824390243902439,0.14146341463414633,169.0,29.0
045_015,0.7019704433497537,0.270935960591133,285.0,110.0
045_016,0.6938775510204082,0.2731554160125589,442.0,174.0
045_017,0.696969696969697,0.26515151515151514,92.0,35.0
045_018,0.554006968641115,0.3989547038327526,318.0,229.0
045_019,0.656084656084656,0.30158730158730157,124.0,57.0
045_020,0.610608020698577,0.3389391979301423,472.0,262.0
045_021,0.30048465266558966,0.678513731825525,186.0,420.0
045_022,0.425206124852768,0.5453474676089517,361.0,463.0
045_023,0.28396946564885495,0.6870229007633588,186.0,450.0
045_024,0.1820388349514563,0.7912621359223301,75.0,326.0
045_025,0.2540650406504065,0.7134146341463414,125.0,351.0
045_026,0.41492537313432837,0.5582089552238806,139.0,187.0
045_027,0.42289348171701113,0.5500794912559619,266.0,346.0
045_028,0.22843822843822845,0.7435897435897436,98.0,319.0
045_029,0.2553763440860215,0.6693548387096774,95.0,249.0
045_030,0.2611174458380844,0.7172177879133409,229.0,629.0
045_031,0.21852731591448932,0.7600950118764845,276.0,960.0
045_032,0.3007518796992481,0.6804511278195489,80.0,181.0
045_033,0.31886792452830187,0.6396226415094339,169.0,339.0
045_034,0.37422037422037424,0.5717255717255717,180.0,275.0
045_035,0.3225806451612903,0.6478494623655914,120.0,241.0
045_036,0.286783042394015,0.683291770573566,115.0,274.0
045_037,0.267578125,0.677734375,137.0,347.0
045_038,0.23512747875354106,0.7280453257790368,166.0,514.0
045_039,0.18983700862895495,0.7938638542665388,198.0,828.0
045_040,0.3001841620626151,0.6464088397790055,163.0,351.0
045_041,0.183,0.786,183.0,786.0
045_042,0.1696969696969697,0.8048484848484848,140.0,664.0
045_043,0.30091743119266057,0.673394495412844,164.0,367.0
045_044,0.2071269487750557,0.7538975501113586,186.0,677.0
045_045,0.2911010558069382,0.669683257918552,193.0,444.0
045_046,0.22274881516587677,0.7456556082148499,141.0,472.0
045_047,0.17435897435897435,0.7743589743589744,34.0,151.0
045_048,0.1736930860033727,0.7976391231028668,103.0,473.0
045_049,0.20818815331010454,0.7630662020905923,239.0,876.0
045_050,0.31724137931034485,0.6603448275862069,184.0,383.0
045_051,0.36489151873767256,0.6134122287968442,185.0,311.0
045_052,0.22085889570552147,0.754601226993865,72.0,246.0
045_053,0.24916573971078976,0.710789766407119,224.0,639.0
045_054,0.2334293948126801,0.729106628242075,162.0,506.0
045_055,0.19241192411924118,0.7777777777777778,142.0,574.0
045_056,0.32172701949860727,0.6462395543175488,231.0,464.0
045_057,0.1380952380952381,0.830952380952381,116.0,698.0
045_058,0.16970802919708028,0.7755474452554745,93.0,425.0
045_059,0.1875637104994903,0.7869520897043832,184.0,772.0
045_060,0.18181818181818182,0.7662337662337663,70.0,295.0
045_061,0.16538882803943045,0.8028477546549836,151.0,733.0
045_062,0.22090729783037474,0.7357001972386588,112.0,373.0
045_063,0.26383763837638374,0.6900369003690037,143.0,374.0
045_064,0.2494802494802495,0.7151767151767152,120.0,344.0
045_065,0.2119460500963391,0.7495183044315993,110.0,389.0
045_066,0.20985010706638116,0.7366167023554604,98.0,344.0
045_067,0.21940928270042195,0.7415611814345991,208.0,703.0
045_068,0.24213836477987422,0.7264150943396226,77.0,231.0
045_069,0.19975490196078433,0.7622549019607843,163.0,622.0
045_070,0.26666666666666666,0.7171171171171171,148.0,398.0
045_071,0.19146183699870634,0.7826649417852523,148.0,605.0
045_072,0.31881533101045295,0.6306620209059234,183.0,362.0
045_073,0.29207920792079206,0.6782178217821783,118.0,274.0
045_074,0.2637465051258155,0.706430568499534,283.0,758.0
045_075,0.2796833773087071,0.6728232189973615,106.0,255.0
045_076,0.2512768130745659,0.7313585291113381,246.0,716.0
045_077,0.1872093023255814,0.7744186046511627,161.0,666.0
047_001,0.7795031055900621,0.14285714285714285,251.0,46.0
047_002,0.809437386569873,0.1560798548094374,446.0,86.0
047_003,0.8829568788501027,0.0944558521560575,430.0,46.0
047_004,0.7575757575757576,0.22144522144522144,650.0,190.0
047_005,0.7653478854024557,0.208731241473397,561.0,153.0
047_006,0.7765567765567766,0.19413919413919414,212.0,53.0
047_007,0.7657142857142857,0.21428571428571427,268.0,75.0
047_008,0.8741648106904232,0.09799554565701558,785.0,88.0
047_009,0.5475285171102662,0.42585551330798477,144.0,112.0
047_010,0.7099697885196374,0.2537764350453172,235.0,84.0
047_011,0.7762237762237763,0.18181818181818182,111.0,26.0
047_012,0.7542372881355932,0.21822033898305085,356.0,103.0
047_013,0.862876254180602,0.12040133779264214,258.0,36.0
047_014,0.4731182795698925,0.5161290322580645,44.0,48.0
047_015,0.2288135593220339,0.7372881355932204,27.0,87.0
047_016,0.7127659574468085,0.2570921985815603,402.0,145.0
047_017,0.921875,0.0625,59.0,4.0
047_018,0.7991452991452992,0.18376068376068377,187.0,43.0
047_019,0.8243559718969555,0.13348946135831383,352.0,57.0
047_020,0.8181818181818182,0.1414141414141414,81.0,14.0
047_021,0.7335526315789473,0.2236842105263158,223.0,68.0
047_022,0.6417910447761194,0.31343283582089554,129.0,63.0
047_023,0.6932573599240266,0.26590693257359926,730.0,280.0
047_024,0.7491961414790996,0.19614147909967847,233.0,61.0
047_025,0.8171428571428572,0.16,286.0,56.0
047_026,0.8741808650065531,0.10615989515072084,667.0,81.0
047_027,0.7697715289982425,0.19507908611599298,438.0,111.0
047_028,0.7519788918205804,0.22955145118733508,285.0,87.0
043_001,0.6488038277511962,0.28708133971291866,678.0,300.0
043_002,0.7416149068322981,0.21490683229813665,597.0,173.0
043_003,0.6839186691312384,0.26062846580406657,370.0,141.0
043_004,0.6528925619834711,0.31129476584022037,237.0,113.0
043_005,0.587382779198636,0.3674339300937766,689.0,431.0
043_006,0.625748502994012,0.31736526946107785,209.0,106.0
043_007,0.7226027397260274,0.24315068493150685,211.0,71.0
043_008,0.9201388888888888,0.04513888888888889,265.0,13.0
043_009,0.9543795620437956,0.03467153284671533,523.0,19.0
043_010,0.7508417508417509,0.18855218855218855,223.0,56.0
043_011,0.5496575342465754,0.3938356164383562,642.0,460.0
043_012,0.5103270223752151,0.45266781411359724,593.0,526.0
043_013,0.5734190782422294,0.37513397642015006,535.0,350.0
043_014,0.8945686900958466,0.07987220447284345,280.0,25.0
043_015,0.9557109557109557,0.03263403263403263,820.0,28.0
043_016,0.5546875,0.3828125,71.0,49.0
043_017,0.6210526315789474,0.3473684210526316,118.0,66.0
043_018,0.48158640226628896,0.40793201133144474,170.0,144.0
043_019,0.8605769230769231,0.10576923076923077,179.0,22.0
043_020,0.9257950530035336,0.06890459363957598,524.0,39.0
043_021,0.5227272727272727,0.4583333333333333,138.0,121.0
043_022,0.5086505190311419,0.4602076124567474,147.0,133.0
043_023,0.49047619047619045,0.45714285714285713,103.0,96.0
043_024,0.8127090301003345,0.1705685618729097,243.0,51.0
043_025,0.8669354838709677,0.0967741935483871,645.0,72.0
043_026,0.8252032520325203,0.15040650406504066,203.0,37.0
043_027,0.5655737704918032,0.3770491803278688,69.0,46.0
043_028,0.37598425196850394,0.594488188976378,191.0,302.0
043_029,0.8915094339622641,0.07075471698113207,189.0,15.0
043_030,0.4413075780089153,0.5081723625557206,297.0,342.0
043_031,0.4408352668213457,0.5046403712296984,380.0,435.0
043_032,0.4350132625994695,0.5305039787798409,164.0,200.0
043_033,0.46735668789808915,0.4888535031847134,587.0,614.0
043_034,0.4090909090909091,0.5549242424242424,216.0,293.0
043_035,0.4654895666131621,0.4799357945425361,290.0,299.0
043_036,0.45170454545454547,0.5071022727272727,318.0,357.0
043_037,0.43238095238095237,0.5171428571428571,454.0,543.0
043_038,0.44730392156862747,0.49754901960784315,365.0,406.0
043_039,0.4096654275092937,0.5434944237918216,551.0,731.0
043_040,0.4596541786743516,0.49711815561959655,319.0,345.0
043_041,0.3905109489051095,0.551094890510949,321.0,453.0
043_042,0.4358974358974359,0.5034965034965035,187.0,216.0
043_043,0.4497907949790795,0.47489539748953974,215.0,227.0
043_044,0.37697516930022573,0.5507900677200903,334.0,488.0
043_045,0.48021108179419525,0.45646437994722955,364.0,346.0
043_046,0.5107212475633528,0.3996101364522417,262.0,205.0
043_047,0.41622198505869795,0.5389541088580576,390.0,505.0
043_048,0.4075286415711948,0.5319148936170213,249.0,325.0
043_049,0.3823008849557522,0.5433628318584071,216.0,307.0
043_050,0.3709677419354839,0.5846774193548387,276.0,435.0
043_051,NaN,NaN,0.0,0.0
043_052,0.4343065693430657,0.5255474452554745,119.0,144.0
043_053,0.4904214559386973,0.4559386973180077,512.0,476.0
043_054,0.5201845444059977,0.4302191464821223,451.0,373.0
043_055,0.4704463208685163,0.48854041013269,390.0,405.0
043_056,0.6026785714285714,0.34598214285714285,270.0,155.0
043_057,0.4142581888246628,0.5337186897880539,215.0,277.0
043_058,0.39309827456864216,0.56864216054013506,524.0,758.0
043_059,0.43859649122807015,0.543859649122807,125.0,155.0
043_060,0.46750524109014674,0.4947589098532495,223.0,236.0
043_061,0.47035573122529645,0.4762845849802372,238.0,241.0
043_062,0.40372670807453415,0.5627329192546584,325.0,453.0
043_063,0.36578947368421055,0.5736842105263158,139.0,218.0
043_064,0.4167517875383044,0.5444330949948928,408.0,533.0
043_065,0.48726467331118495,0.4750830564784053,440.0,429.0
043_066,0.43556895252449135,0.5199698568198945,578.0,690.0
043_067,0.5298013245033113,0.41501103752759383,480.0,376.0
043_068,0.47875647668393784,0.48290155440414506,462.0,466.0
043_069,0.4261780104712042,0.5277486910994764,407.0,504.0
043_070,0.49195402298850577,0.47126436781609193,214.0,205.0
043_071,0.5200945626477541,0.42789598108747046,220.0,181.0
043_072,0.42532146389713155,0.5459940652818991,430.0,552.0
043_073,0.3564356435643564,0.5965346534653465,144.0,241.0
043_074,0.41055456171735244,0.5536672629695886,459.0,619.0
043_075,0.42782152230971127,0.5406824146981627,163.0,206.0
043_076,0.5069860279441117,0.4560878243512974,508.0,457.0
043_078,0.3615023474178404,0.5305164319248826,77.0,113.0
043_079,0.4556213017751479,0.47928994082840237,77.0,81.0
043_080,0.4013605442176871,0.5591836734693878,295.0,411.0
043_081,0.4015384615384615,0.5661538461538461,261.0,368.0
043_082,0.4489247311827957,0.5013440860215054,334.0,373.0
043_083,0.34149484536082475,0.634020618556701,265.0,492.0
043_084,0.43655589123867067,0.5196374622356495,289.0,344.0
043_085,0.3985714285714286,0.54,279.0,378.0
043_086,0.4116022099447514,0.5524861878453039,298.0,400.0
049_001,0.7286914765906363,0.2184873949579832,607.0,182.0
049_002,0.6625766871165644,0.25766871165644173,108.0,42.0
049_003,0.8745519713261649,0.1111111111111111,244.0,31.0
049_004,0.7361111111111112,0.2361111111111111,53.0,17.0
049_005,0.7591973244147158,0.20735785953177258,454.0,124.0
049_006,0.9236111111111112,0.027777777777777776,133.0,4.0
049_007,0.7640750670241286,0.1742627345844504,285.0,65.0
049_008,0.7857142857142857,0.16541353383458646,627.0,132.0
049_009,0.7593220338983051,0.19322033898305085,672.0,171.0
049_010,0.7125534950071327,0.25392296718972895,999.0,356.0
049_011,0.8135198135198135,0.13908313908313907,1047.0,179.0
049_012,0.7666263603385731,0.19347037484885127,634.0,160.0
049_013,0.7778702163061564,0.18635607321131448,935.0,224.0
049_014,0.75390625,0.22265625,386.0,114.0
049_015,0.33828382838283827,0.5957095709570958,205.0,361.0
049_016,0.41452991452991456,0.5341880341880342,97.0,125.0
049_017,0.7346938775510204,0.22448979591836735,216.0,66.0
049_018,0.2992,0.6336,187.0,396.0
049_019,0.4358974358974359,0.5230769230769231,85.0,102.0
049_020,0.8513513513513513,0.11261261261261261,756.0,100.0
049_021,0.7914691943127962,0.16824644549763032,1002.0,213.0
049_022,0.7860635696821516,0.17970660146699266,643.0,147.0
049_023,0.7461538461538462,0.22115384615384615,388.0,115.0
049_024,0.8382559774964838,0.11251758087201125,596.0,80.0
049_025,0.8809034907597536,0.07392197125256673,429.0,36.0
049_026,0.8517520215633423,0.09433962264150944,316.0,35.0
049_027,0.8410513141426783,0.10387984981226533,672.0,83.0
049_028,0.8082788671023965,0.16339869281045752,371.0,75.0
049_029,0.7083333333333334,0.2570921985815603,799.0,290.0
049_030,0.7638418079096045,0.20225988700564973,676.0,179.0
049_031,0.7777777777777778,0.16296296296296298,315.0,66.0
049_032,0.8223748773307163,0.1256133464180569,838.0,128.0
049_033,0.8525280898876404,0.11095505617977527,607.0,79.0
049_034,0.811534500514933,0.1462409886714727,788.0,142.0
049_035,0.8063492063492064,0.13333333333333333,254.0,42.0
049_036,0.7800925925925926,0.16666666666666666,337.0,72.0
049_037,0.8062593144560357,0.14157973174366617,541.0,95.0
049_038,0.7756613756613756,0.19047619047619047,733.0,180.0
049_039,0.7796610169491526,0.17627118644067796,460.0,104.0
049_040,0.7792792792792793,0.19369369369369369,173.0,43.0
049_041,0.8041958041958042,0.15734265734265734,230.0,45.0
049_042,0.8496868475991649,0.10438413361169102,407.0,50.0
049_043,0.832183908045977,0.12643678160919541,362.0,55.0
049_044,0.8617157490396927,0.10243277848911651,673.0,80.0
049_045,0.7637614678899083,0.18807339449541285,333.0,82.0
049_046,0.7421203438395415,0.2148997134670487,259.0,75.0
049_047,0.8143564356435643,0.15965346534653466,658.0,129.0
049_048,0.7990264255910987,0.1689847009735744,1149.0,243.0
049_049,0.75748031496063,0.19370078740157481,481.0,123.0
049_050,0.7794729542302358,0.1678224687933426,562.0,121.0
049_051,0.7606299212598425,0.2110236220472441,483.0,134.0
049_052,0.7747834456207893,0.17901828681424448,805.0,186.0
049_053,0.7726269315673289,0.18432671081677704,700.0,167.0
049_054,0.7327141382868937,0.23426212590299278,710.0,227.0
049_055,0.7565011820330969,0.21513002364066194,960.0,273.0
049_056,0.742462311557789,0.21105527638190955,591.0,168.0
049_057,0.7382297551789078,0.2222222222222222,392.0,118.0
049_058,0.7377622377622378,0.23076923076923078,422.0,132.0
049_059,0.7015625,0.234375,449.0,150.0
049_060,0.631578947368421,0.3076923076923077,156.0,76.0
049_061,0.7682038834951457,0.18689320388349515,633.0,154.0
049_062,0.7620481927710844,0.18674698795180722,506.0,124.0
049_063,0.7226277372262774,0.24379562043795622,495.0,167.0
049_064,0.7657068062827225,0.18324607329842932,585.0,140.0
049_065,0.7743496672716274,0.18874773139745918,1280.0,312.0
049_066,0.7623762376237624,0.19504950495049506,770.0,197.0
049_067,0.8045685279187818,0.1505922165820643,951.0,178.0
049_068,0.7800480769230769,0.18389423076923078,649.0,153.0
049_069,0.7863608931804466,0.18467109233554616,1303.0,306.0
049_070,0.6980716253443526,0.25840220385674934,1267.0,469.0
049_071,0.7552870090634441,0.20694864048338368,1e3,274.0
049_072,0.7876984126984127,0.15773809523809523,794.0,159.0
049_073,0.3367826904985889,0.605832549388523,358.0,644.0
049_074,0.8181818181818182,0.13286713286713286,468.0,76.0
049_075,0.7844444444444445,0.18,706.0,162.0
049_076,0.7738095238095238,0.1875,520.0,126.0
049_077,0.7930283224400871,0.17320261437908496,728.0,159.0
049_078,0.7514088916718847,0.2128991859737007,1200.0,340.0
049_079,0.7304964539007093,0.2222222222222222,309.0,94.0
049_080,0.7963340122199593,0.1670061099796334,391.0,82.0
049_081,0.6888045540796964,0.2732447817836812,363.0,144.0
049_082,0.5965759438103599,0.3805970149253731,1359.0,867.0
049_083,0.6748251748251748,0.2980769230769231,772.0,341.0
049_084,0.3133159268929504,0.6231505657093125,360.0,716.0
049_085,0.31053203040173727,0.6210640608034745,286.0,572.0
049_086,0.7369353410097431,0.224977856510186,1664.0,508.0
049_087,0.7659574468085106,0.19148936170212766,144.0,36.0
049_088,0.6917385943279901,0.2601726263871763,561.0,211.0
051_001,0.42132867132867136,0.541958041958042,241.0,310.0
051_002,0.2742448330683625,0.6955484896661367,345.0,875.0
051_003,0.25102880658436216,0.7119341563786008,61.0,173.0
051_004,0.27385892116182575,0.6680497925311203,66.0,161.0
051_005,0.35475234270414996,0.5983935742971888,265.0,447.0
051_006,0.695,0.235,139.0,47.0
051_007,0.4946236559139785,0.46881720430107526,230.0,218.0
051_008,0.5087378640776699,0.4524271844660194,262.0,233.0
051_009,0.41231126596980255,0.5389082462253194,355.0,464.0
053_001,0.7024608501118568,0.24608501118568232,314.0,110.0
053_002,0.5798816568047337,0.34714003944773175,294.0,176.0
053_003,0.5552282768777614,0.3475699558173785,377.0,236.0
053_004,0.6486486486486487,0.2918918918918919,120.0,54.0
053_005,0.6390977443609023,0.3157894736842105,170.0,84.0
053_006,0.6526946107784432,0.31736526946107785,218.0,106.0
053_007,0.7435897435897436,0.19230769230769232,58.0,15.0
053_008,0.6188925081433225,0.32247557003257327,380.0,198.0
053_009,0.2857142857142857,0.6666666666666666,12.0,28.0
053_010,0.7128712871287128,0.2376237623762376,72.0,24.0
053_011,0.38934426229508196,0.569672131147541,190.0,278.0
053_012,0.09090909090909091,0.7727272727272727,2.0,17.0
053_013,0.4576271186440678,0.4963680387409201,189.0,205.0
053_014,0.38652482269503546,0.5602836879432624,109.0,158.0
053_015,0.7990580847723705,0.16483516483516483,509.0,105.0
053_016,0.25,0.75,6.0,18.0
053_017,0.6235294117647059,0.3058823529411765,53.0,26.0
053_018,0.6,0.32558139534883723,258.0,140.0
053_019,0.4173441734417344,0.5338753387533876,154.0,197.0
053_020,0.5975609756097561,0.35772357723577236,147.0,88.0
053_021,0.6666666666666666,0.3333333333333333,6.0,3.0
053_022,0.3064516129032258,0.5806451612903226,19.0,36.0
053_023,0.4132231404958678,0.49586776859504134,50.0,60.0
053_024,0.4215686274509804,0.5098039215686274,86.0,104.0
053_025,0.6172839506172839,0.2962962962962963,50.0,24.0
053_026,0.375,0.625,3.0,5.0
053_027,0.46187363834422657,0.49455337690631807,212.0,227.0
055_001,0.735191637630662,0.15331010452961671,211.0,44.0
055_002,0.8583333333333333,0.11666666666666667,103.0,14.0
055_003,0.7142857142857143,0.2727272727272727,55.0,21.0
055_004,0.8114285714285714,0.15428571428571428,284.0,54.0
055_005,0.7886435331230284,0.17981072555205047,250.0,57.0
055_006,0.703125,0.248046875,360.0,127.0
055_007,0.281437125748503,0.6706586826347305,94.0,224.0
055_008,0.8727272727272727,0.07727272727272727,192.0,17.0
055_009,0.8068513119533528,0.15451895043731778,1107.0,212.0
055_010,0.8295454545454546,0.11931818181818182,292.0,42.0
055_011,0.8191082802547771,0.13503184713375796,643.0,106.0
055_012,0.7834224598930482,0.18270944741532977,879.0,205.0
055_013,0.9423423423423424,0.014414414414414415,523.0,8.0
055_014,0.8158567774936062,0.1585677749360614,319.0,62.0
055_015,0.7983367983367984,0.16424116424116425,768.0,158.0
055_016,0.7757201646090535,0.17695473251028807,377.0,86.0
055_017,0.8061224489795918,0.1567717996289425,869.0,169.0
055_018,0.734717416378316,0.21914648212226068,637.0,190.0
055_019,0.7950108459869848,0.1843817787418655,733.0,170.0
055_020,0.7900677200902935,0.16252821670428894,350.0,72.0
055_021,0.7777777777777778,0.1755829903978052,567.0,128.0
055_022,0.8201058201058201,0.12698412698412698,155.0,24.0
055_023,0.782608695652174,0.10144927536231885,54.0,7.0
055_024,0.7602739726027398,0.19863013698630136,111.0,29.0
055_025,0.6944444444444444,0.2708333333333333,100.0,39.0
055_026,0.6029411764705882,0.39705882352941174,41.0,27.0
055_027,0.8075471698113208,0.16981132075471697,214.0,45.0
055_028,0.7934426229508197,0.1737704918032787,242.0,53.0
055_029,0.8041958041958042,0.16783216783216784,115.0,24.0
055_030,0.9130434782608695,0.06521739130434782,42.0,3.0
055_031,0.75,0.225,30.0,9.0
055_032,0.8838709677419355,0.09032258064516129,137.0,14.0
055_033,0.5319148936170213,0.2872340425531915,50.0,27.0
055_034,0.7530864197530864,0.19753086419753085,427.0,112.0
055_035,0.7733160621761658,0.19170984455958548,597.0,148.0
055_036,0.9090909090909091,0.05454545454545454,50.0,3.0
057_001,0.3597678916827853,0.5686653771760155,186.0,294.0
057_002,0.2597402597402597,0.7056277056277056,60.0,163.0
057_003,0.47474747474747475,0.494949494949495,94.0,98.0
057_004,0.48717948717948717,0.47435897435897434,76.0,74.0
057_005,0.3696872493985565,0.545308740978348,461.0,680.0
057_006,0.35149023638232274,0.5714285714285714,342.0,556.0
057_007,0.35852713178294576,0.562015503875969,185.0,290.0
057_008,0.5256410256410257,0.4166666666666667,82.0,65.0
057_009,0.42733188720173537,0.5249457700650759,197.0,242.0
057_010,0.3758169934640523,0.5816993464052288,115.0,178.0
057_011,0.4065934065934066,0.5384615384615384,37.0,49.0
057_012,0.09523809523809523,0.8571428571428571,6.0,54.0
057_013,0.38836104513064135,0.5308788598574822,327.0,447.0
057_014,0.08333333333333333,0.8666666666666667,5.0,52.0
057_015,0.3183673469387755,0.5836734693877551,78.0,143.0
057_016,0.5205882352941177,0.4235294117647059,177.0,144.0
059_001,0.1958041958041958,0.7517482517482518,56.0,215.0
059_004,0.2597938144329897,0.7175257731958763,126.0,348.0
059_006,0.328125,0.6473214285714286,147.0,290.0
059_007,0.3492957746478873,0.6281690140845071,124.0,223.0
059_008,0.11304347826086956,0.8434782608695652,13.0,97.0
059_009,0.08571428571428572,0.9,6.0,63.0
061_001,0.48344370860927155,0.4304635761589404,73.0,65.0
061_002,0.593167701863354,0.34368530020703936,573.0,332.0
061_003,0.49588477366255146,0.4506172839506173,241.0,219.0
061_004,0.38880248833592534,0.5536547433903577,250.0,356.0
061_005,0.4557344064386318,0.4919517102615694,453.0,489.0
061_006,0.4724724724724725,0.4774774774774775,472.0,477.0
061_007,0.4581320450885668,0.4919484702093398,569.0,611.0
061_008,0.4611906556141673,0.4740015071590053,612.0,629.0
061_009,0.42805100182149364,0.5318761384335154,235.0,292.0
061_010,0.48283261802575106,0.44206008583690987,225.0,206.0
061_011,0.3137931034482759,0.6241379310344828,182.0,362.0
061_012,0.4757834757834758,0.48717948717948717,334.0,342.0
061_013,0.7963636363636364,0.16727272727272727,219.0,46.0
061_014,0.4609375,0.475,295.0,304.0
061_015,0.4805194805194805,0.4935064935064935,185.0,190.0
061_016,0.6443514644351465,0.30264993026499304,462.0,217.0
061_017,0.5108538350217077,0.4312590448625181,706.0,596.0
061_018,0.3561643835616438,0.6027397260273972,208.0,352.0
061_019,0.3475336322869955,0.5807174887892377,155.0,259.0
061_020,0.36330935251798563,0.60431654676259,101.0,168.0
061_021,0.5429162357807652,0.40020682523267836,525.0,387.0
061_022,0.46701846965699206,0.5013192612137203,177.0,190.0
061_023,0.5641547861507128,0.37678207739307534,554.0,370.0
061_024,0.8090909090909091,0.16363636363636364,89.0,18.0
061_025,0.6077170418006431,0.36977491961414793,189.0,115.0
061_026,0.6691729323308271,0.2731829573934837,267.0,109.0
061_027,0.5297805642633229,0.4179728317659352,507.0,400.0
061_028,0.5700680272108843,0.38639455782312926,419.0,284.0
061_029,0.4425742574257426,0.5257425742574258,447.0,531.0
061_030,0.45242537313432835,0.498134328358209,485.0,534.0
061_031,0.5,0.4486873508353222,419.0,376.0
061_032,0.5161662817551963,0.4353348729792148,447.0,377.0
061_033,0.5132075471698113,0.45660377358490567,136.0,121.0
061_034,0.4280701754385965,0.5052631578947369,122.0,144.0
061_035,0.4788732394366197,0.4671361502347418,204.0,199.0
061_036,0.49230769230769234,0.4430769230769231,160.0,144.0
061_037,0.4401805869074492,0.5169300225733634,195.0,229.0
061_038,0.4685908319185059,0.48217317487266553,276.0,284.0
061_039,0.46262093227792433,0.4969217238346526,526.0,565.0
061_040,0.4827175208581645,0.47437425506555425,405.0,398.0
061_041,0.4199796126401631,0.5484199796126402,412.0,538.0
